strainID	prey_history	predator_history	COG_category_long	Preferred_name	Description	prokka_annotation	groupid	locus_tag	neg_log10P	pstar	nonsyn_sites	observed_hits_n_i	n_replicate	gene_multiplicity_m_i	C	E	A	chrom	feature_type	start	end	strand	cds_length	ns_length	f0	f2	f3	f4	gene	db_xref	eC_number	rpt_family	rpt_type	description	COG_category_single	seed_ortholog	evalue	score	eggNOG_OGs	max_annot_lvl	COG_category	GOs	EC	KEGG_ko	KEGG_Pathway	KEGG_Module	KEGG_Reaction	KEGG_rclass	BRITE	KEGG_TC	CAZy	BiGG_Reaction	PFAMs
HAMBI_1287	evo	anc	G - Carbohydrate transport and metabolism	agaS	SIS domain	Putative D-galactosamine-6-phosphate deaminase AgaS	3	H1287_00563	8.375889151559896	8.103222424045923	937	2	2	1.7013358848857323	1	1	0	HAMBI_1287_chrm01_circ	CDS	580681	581826	-	1146	937	744	169	24	209	agaS	COG:COG2222	3.5.99.-	NA	NA	NA	G	469595.CSAG_02944	2.1699999999999998e-250	690	COG2222@1|root,COG2222@2|Bacteria,1NICK@1224|Proteobacteria,1RRU0@1236|Gammaproteobacteria,3WY6N@544|Citrobacter	1236|Gammaproteobacteria	G	GO:0003674,GO:0003824,GO:0005215,GO:0005575,GO:0005623,GO:0005886,GO:0005887,GO:0006040,GO:0006044,GO:0006046,GO:0006810,GO:0008150,GO:0008152,GO:0008448,GO:0008643,GO:0009056,GO:0009401,GO:0015144,GO:0016020,GO:0016021,GO:0016787,GO:0016810,GO:0016811,GO:0019213,GO:0022857,GO:0031224,GO:0031226,GO:0034219,GO:0044425,GO:0044459,GO:0044464,GO:0046348,GO:0051119,GO:0051179,GO:0051234,GO:0055085,GO:0071702,GO:0071704,GO:0071944,GO:1901071,GO:1901072,GO:1901135,GO:1901136,GO:1901575	-	ko:K02082	-	-	-	-	ko00000,ko01000	-	-	-	SIS
HAMBI_1287	evo	anc	P - Inorganic ion transport and metabolism	artM5	Binding-protein-dependent transport system inner membrane component	Inner membrane amino-acid ABC transporter permease protein YhdY	3	H1287_02337	9.472019506113828	8.103222424045923	540	2	2	2.95213282247765	1	1	0	HAMBI_1287_chrm01_circ	CDS	2490100	2490777	+	678	540	434	89	17	138	yhdY_2	COG:COG0765	NA	NA	NA	NA	P	1080067.BAZH01000013_gene1058	3.78e-147	416	COG0765@1|root,COG0765@2|Bacteria,1PT12@1224|Proteobacteria,1RRQK@1236|Gammaproteobacteria,3WW71@544|Citrobacter	1236|Gammaproteobacteria	P	-	-	ko:K02029	-	M00236	-	-	ko00000,ko00002,ko02000	3.A.1.3	-	-	BPD_transp_1
HAMBI_1287	evo	anc	C - Energy production and conversion	-	Molybdopterin oxidoreductase Fe4S4 domain	Formate dehydrogenase H	3	H1287_03912	10.359298691207718	8.103222424045923	346	2	2	4.607374925254136	1	1	0	HAMBI_1287_chrm01_circ	CDS	4172633	4173052	+	420	346	276	62	8	74	fdhF_2	COG:COG0243	1.17.1.9	NA	NA	NA	C	1080067.BAZH01000003_gene3657	1.15e-99	288	COG3383@1|root,COG3383@2|Bacteria,1PDYT@1224|Proteobacteria,1RXCD@1236|Gammaproteobacteria,3WWJ6@544|Citrobacter	1236|Gammaproteobacteria	C	-	-	-	-	-	-	-	-	-	-	-	Molybdop_Fe4S4,Molybdopterin
HAMBI_1287	evo	anc	S - Function unknown	srfB	Virulence factor SrfB	hypothetical protein	3	H1287_02160	10.442283927807559	8.103222424045923	2459	3	1	0.9724390346510355	3	0	0	HAMBI_1287_chrm01_circ	CDS	2300376	2303357	-	2982	2459	1908	515	36	523	NA	NA	NA	NA	NA	NA	S	469595.CSAG_01397	0	1898	COG4457@1|root,COG4457@2|Bacteria,1MVRQ@1224|Proteobacteria,1RPSQ@1236|Gammaproteobacteria,3WW1Z@544|Citrobacter	1236|Gammaproteobacteria	S	-	-	-	-	-	-	-	-	-	-	-	SrfB
HAMBI_1287	evo	anc	Q - Secondary metabolites biosynthesis, transport and catabolism	dhaR	Bacterial regulatory protein, Fis family	PTS-dependent dihydroxyacetone kinase operon regulatory protein	3	H1287_00623	11.694498817897056	8.103222424045923	1612	3	1	1.483391802857876	0	3	0	HAMBI_1287_chrm01_circ	CDS	648154	650079	+	1926	1612	1222	355	35	314	dhaR	COG:COG3284	NA	NA	NA	NA	Q	500640.CIT292_10833	0	1206	COG3284@1|root,COG3284@2|Bacteria,1NRG5@1224|Proteobacteria,1RQQD@1236|Gammaproteobacteria,3WXRM@544|Citrobacter	1236|Gammaproteobacteria	KQ	GO:0006139,GO:0006351,GO:0006355,GO:0006725,GO:0006807,GO:0008150,GO:0008152,GO:0009058,GO:0009059,GO:0009889,GO:0009987,GO:0010467,GO:0010468,GO:0010556,GO:0016070,GO:0018130,GO:0019219,GO:0019222,GO:0019438,GO:0031323,GO:0031326,GO:0032774,GO:0034641,GO:0034645,GO:0034654,GO:0043170,GO:0044237,GO:0044238,GO:0044249,GO:0044260,GO:0044271,GO:0046483,GO:0050789,GO:0050794,GO:0051171,GO:0051252,GO:0060255,GO:0065007,GO:0071704,GO:0080090,GO:0090304,GO:0097659,GO:1901360,GO:1901362,GO:1901576,GO:1903506,GO:2000112,GO:2001141	-	ko:K05880	-	-	-	-	ko00000,ko03000	-	-	-	GAF,HTH_8,PAS,Sigma54_activat
HAMBI_1287	evo	anc	M - Cell wall/membrane/envelope biogenesis	ybhG	Biotin-lipoyl like	hypothetical protein	3	H1287_02829	13.745229966034929	8.103222424045923	810	3	1	2.9521328224776497	3	0	0	HAMBI_1287_chrm01_circ	CDS	3012097	3013092	+	996	810	643	157	10	186	NA	NA	NA	NA	NA	UPF0194 membrane protein YbhG	M	637910.ROD_07951	5.82e-197	550	COG0845@1|root,COG0845@2|Bacteria,1MUG6@1224|Proteobacteria,1RP16@1236|Gammaproteobacteria,3WV94@544|Citrobacter	1236|Gammaproteobacteria	M	GO:0005575,GO:0005623,GO:0005886,GO:0008150,GO:0016020,GO:0042221,GO:0044464,GO:0046677,GO:0050896,GO:0071944	-	ko:K01993	-	-	-	-	ko00000	-	-	-	Biotin_lipoyl_2,HlyD_3,HlyD_D23
HAMBI_1287	evo	anc	S - Function unknown	-	Pfam:DUF1341	2-dehydro-3-deoxy-phosphogluconate aldolase	3	H1287_00057	14.617102785023754	8.103222424045923	605	3	2	3.9524422912510686	1	2	0	HAMBI_1287_chrm01_circ	CDS	61215	61958	+	744	605	491	98	16	139	dgaF_1	NA	4.1.2.14	NA	NA	NA	S	35703.DQ02_00240	6.169999999999999e-157	442	2DBAP@1|root,2Z844@2|Bacteria,1R59N@1224|Proteobacteria,1RYTS@1236|Gammaproteobacteria,3WXZY@544|Citrobacter	1236|Gammaproteobacteria	S	-	4.1.2.14	ko:K17463	ko00030,ko01100,ko01120,map00030,map01100,map01120	M00061,M00631	R05605	RC00307,RC00435	ko00000,ko00001,ko00002,ko01000	-	-	-	KDGP_aldolase
HAMBI_1287	evo	anc	P - Inorganic ion transport and metabolism	cbiM	Part of the energy-coupling factor (ECF) transporter complex CbiMNOQ involved in cobalt import	Cobalt transport protein CbiM	3	H1287_01647	14.671959981663203	8.103222424045923	594	3	1	4.025635667014977	0	0	3	HAMBI_1287_chrm01_circ	CDS	1749065	1749802	+	738	594	472	107	15	144	cbiM	COG:COG0310	NA	NA	NA	NA	P	571.MC52_02905	1.48e-163	459	COG0310@1|root,COG0310@2|Bacteria,1NTQK@1224|Proteobacteria,1RS8D@1236|Gammaproteobacteria	1236|Gammaproteobacteria	P	-	-	ko:K02007	ko02010,map02010	M00245,M00246	-	-	ko00000,ko00001,ko00002,ko02000	3.A.1.18,3.A.1.22,3.A.1.23	-	-	CbiM
HAMBI_1287	evo	anc	P - Inorganic ion transport and metabolism	afuB	Binding-protein-dependent transport system inner membrane component	hypothetical protein	3	H1287_03251	16.198469845087537	8.103222424045923	1685	4	2	1.8921682185613424	2	2	0	HAMBI_1287_chrm01_circ	CDS	3464473	3466551	+	2079	1685	1344	273	68	394	NA	NA	NA	NA	NA	NA	P	469595.CSAG_00140	0	1292	COG1178@1|root,COG1178@2|Bacteria,1MXZZ@1224|Proteobacteria,1RY3W@1236|Gammaproteobacteria,3WWVY@544|Citrobacter	1236|Gammaproteobacteria	P	GO:0005575,GO:0005623,GO:0005886,GO:0016020,GO:0044464,GO:0071944	-	ko:K02011	ko02010,map02010	M00190	-	-	ko00000,ko00001,ko00002,ko02000	3.A.1.10	-	-	BPD_transp_1
HAMBI_1287	evo	anc	K – Transcription	ompR	Response regulator receiver	Transcriptional regulatory protein OmpR	3	H1287_00316	39.224320775028	8.103222424045923	726	7	3	7.685304455210411	3	2	2	HAMBI_1287_chrm01_circ	CDS	347273	348145	+	873	726	565	146	15	147	ompR_1	NA	NA	NA	NA	NA	K	1045856.EcWSU1_04191	6.919999999999996e-169	474	COG0745@1|root,COG0745@2|Bacteria,1MY3D@1224|Proteobacteria,1RPKN@1236|Gammaproteobacteria,3X0ZQ@547|Enterobacter	1236|Gammaproteobacteria	K	GO:0000156,GO:0000160,GO:0000976,GO:0001067,GO:0001130,GO:0001216,GO:0001217,GO:0003674,GO:0003676,GO:0003677,GO:0003690,GO:0003700,GO:0005488,GO:0005575,GO:0005622,GO:0005623,GO:0005737,GO:0006355,GO:0007154,GO:0007165,GO:0008150,GO:0009889,GO:0009890,GO:0009891,GO:0009892,GO:0009893,GO:0009987,GO:0010468,GO:0010556,GO:0010557,GO:0010558,GO:0010604,GO:0010605,GO:0010628,GO:0010629,GO:0019219,GO:0019222,GO:0023052,GO:0031323,GO:0031324,GO:0031325,GO:0031326,GO:0031327,GO:0031328,GO:0032991,GO:0032993,GO:0035556,GO:0043565,GO:0044212,GO:0044424,GO:0044464,GO:0045892,GO:0045893,GO:0045934,GO:0045935,GO:0048518,GO:0048519,GO:0048522,GO:0048523,GO:0050789,GO:0050794,GO:0050896,GO:0051171,GO:0051172,GO:0051173,GO:0051252,GO:0051253,GO:0051254,GO:0051716,GO:0060089,GO:0060255,GO:0065007,GO:0080090,GO:0097159,GO:0140110,GO:1901363,GO:1902679,GO:1902680,GO:1903506,GO:1903507,GO:1903508,GO:1990837,GO:2000112,GO:2000113,GO:2001141	-	ko:K07659	ko02020,ko02026,map02020,map02026	M00445,M00742,M00743	-	-	ko00000,ko00001,ko00002,ko02022	-	-	-	Response_reg,Trans_reg_C
HAMBI_1287	evo	anc	T - Signal transduction mechanisms	-	diguanylate cyclase	hypothetical protein	3	H1287_02172	39.224320775028	8.103222424045923	923	17	3	14.68070385175776	8	3	6	HAMBI_1287_chrm01_circ	CDS	2315639	2316742	-	1104	923	715	184	24	181	NA	NA	NA	NA	NA	NA	T	399742.Ent638_1946	1.08e-127	378	COG2199@1|root,COG3706@2|Bacteria,1R7HC@1224|Proteobacteria,1RYTK@1236|Gammaproteobacteria,3X21K@547|Enterobacter	1236|Gammaproteobacteria	T	-	-	-	-	-	-	-	-	-	-	-	GGDEF,MASE5
HAMBI_1287	evo	evo	S - Function unknown	srfB	Virulence factor SrfB	hypothetical protein	4	H1287_02160	12.355186618806057	8.5781151600149	2459	3	1	0.9724390346510355	3	0	0	HAMBI_1287_chrm01_circ	CDS	2300376	2303357	-	2982	2459	1908	515	36	523	NA	NA	NA	NA	NA	NA	S	469595.CSAG_01397	0	1898	COG4457@1|root,COG4457@2|Bacteria,1MVRQ@1224|Proteobacteria,1RPSQ@1236|Gammaproteobacteria,3WW1Z@544|Citrobacter	1236|Gammaproteobacteria	S	-	-	-	-	-	-	-	-	-	-	-	SrfB
HAMBI_1287	evo	evo	M - Cell wall/membrane/envelope biogenesis	ybhG	Biotin-lipoyl like	hypothetical protein	4	H1287_02829	15.671647809164266	8.5781151600149	810	3	1	2.9521328224776497	3	0	0	HAMBI_1287_chrm01_circ	CDS	3012097	3013092	+	996	810	643	157	10	186	NA	NA	NA	NA	NA	UPF0194 membrane protein YbhG	M	637910.ROD_07951	5.82e-197	550	COG0845@1|root,COG0845@2|Bacteria,1MUG6@1224|Proteobacteria,1RP16@1236|Gammaproteobacteria,3WV94@544|Citrobacter	1236|Gammaproteobacteria	M	GO:0005575,GO:0005623,GO:0005886,GO:0008150,GO:0016020,GO:0042221,GO:0044464,GO:0046677,GO:0050896,GO:0071944	-	ko:K01993	-	-	-	-	ko00000	-	-	-	Biotin_lipoyl_2,HlyD_3,HlyD_D23
HAMBI_1287	evo	evo	T - Signal transduction mechanisms	-	diguanylate cyclase	hypothetical protein	4	H1287_02172	36.7368005696771	8.5781151600149	923	13	3	11.226420592520642	6	4	3	HAMBI_1287_chrm01_circ	CDS	2315639	2316742	-	1104	923	715	184	24	181	NA	NA	NA	NA	NA	NA	T	399742.Ent638_1946	1.08e-127	378	COG2199@1|root,COG3706@2|Bacteria,1R7HC@1224|Proteobacteria,1RYTK@1236|Gammaproteobacteria,3X21K@547|Enterobacter	1236|Gammaproteobacteria	T	-	-	-	-	-	-	-	-	-	-	-	GGDEF,MASE5
HAMBI_1287	evo	evo	K – Transcription	ompR	Response regulator receiver	Transcriptional regulatory protein OmpR	4	H1287_00316	59.76265149961756	8.5781151600149	726	7	3	7.685304455210411	3	2	2	HAMBI_1287_chrm01_circ	CDS	347273	348145	+	873	726	565	146	15	147	ompR_1	NA	NA	NA	NA	NA	K	1045856.EcWSU1_04191	6.919999999999996e-169	474	COG0745@1|root,COG0745@2|Bacteria,1MY3D@1224|Proteobacteria,1RPKN@1236|Gammaproteobacteria,3X0ZQ@547|Enterobacter	1236|Gammaproteobacteria	K	GO:0000156,GO:0000160,GO:0000976,GO:0001067,GO:0001130,GO:0001216,GO:0001217,GO:0003674,GO:0003676,GO:0003677,GO:0003690,GO:0003700,GO:0005488,GO:0005575,GO:0005622,GO:0005623,GO:0005737,GO:0006355,GO:0007154,GO:0007165,GO:0008150,GO:0009889,GO:0009890,GO:0009891,GO:0009892,GO:0009893,GO:0009987,GO:0010468,GO:0010556,GO:0010557,GO:0010558,GO:0010604,GO:0010605,GO:0010628,GO:0010629,GO:0019219,GO:0019222,GO:0023052,GO:0031323,GO:0031324,GO:0031325,GO:0031326,GO:0031327,GO:0031328,GO:0032991,GO:0032993,GO:0035556,GO:0043565,GO:0044212,GO:0044424,GO:0044464,GO:0045892,GO:0045893,GO:0045934,GO:0045935,GO:0048518,GO:0048519,GO:0048522,GO:0048523,GO:0050789,GO:0050794,GO:0050896,GO:0051171,GO:0051172,GO:0051173,GO:0051252,GO:0051253,GO:0051254,GO:0051716,GO:0060089,GO:0060255,GO:0065007,GO:0080090,GO:0097159,GO:0140110,GO:1901363,GO:1902679,GO:1902680,GO:1903506,GO:1903507,GO:1903508,GO:1990837,GO:2000112,GO:2000113,GO:2001141	-	ko:K07659	ko02020,ko02026,map02020,map02026	M00445,M00742,M00743	-	-	ko00000,ko00001,ko00002,ko02022	-	-	-	Response_reg,Trans_reg_C
HAMBI_1972	anc	anc	M - Cell wall/membrane/envelope biogenesis	lamB	involved in the transport of maltose and maltodextrins	Maltoporin	5	H1972_01106	12.052243100452733	9.086965401408252	1107	2	2	1.4408057101917489	1	1	0	HAMBI_1972_chrm01_circ	CDS	1167031	1168353	+	1323	1107	888	206	13	216	lamB_2	COG:COG4580	NA	NA	NA	NA	M	380703.AHA_1166	1.3299999999999997e-291	813	COG4580@1|root,COG4580@2|Bacteria,1MX77@1224|Proteobacteria,1RPMF@1236|Gammaproteobacteria,1Y5CH@135624|Aeromonadales	135624|Aeromonadales	M	-	-	ko:K02024	-	-	-	-	ko00000,ko02000	1.B.3.1.1	-	-	LamB
HAMBI_1972	anc	evo	P - Inorganic ion transport and metabolism	-	transport system permease component	hypothetical protein	6	H1972_02826	12.489194908089548	8.116082080750772	1263	3	1	1.8942659396463968	3	0	0	HAMBI_1972_chrm01_circ	CDS	3139841	3141493	+	1653	1263	1030	217	16	390	NA	NA	NA	NA	NA	NA	P	380703.AHA_1545	4.7099999999999995e-252	708	COG4135@1|root,COG4135@2|Bacteria,1MV6R@1224|Proteobacteria,1RR4B@1236|Gammaproteobacteria,1Y56H@135624|Aeromonadales	135624|Aeromonadales	P	-	-	ko:K05778	-	M00192	-	-	ko00000,ko00002,ko02000	-	-	-	BPD_transp_1
HAMBI_1972	anc	evo	S - Function unknown	-	Protein of unknown function DUF115	hypothetical protein	6	H1972_00421	13.7811789598112	8.116082080750772	819	3	1	2.921193994839315	0	3	0	HAMBI_1972_chrm01_circ	CDS	447796	448797	+	1002	819	630	180	9	183	NA	NA	NA	NA	NA	NA	S	382245.ASA_0374	2.18e-181	528	COG2604@1|root,COG2604@2|Bacteria,1NNJY@1224|Proteobacteria,1SI36@1236|Gammaproteobacteria,1Y61D@135624|Aeromonadales	135624|Aeromonadales	S	-	-	-	-	-	-	-	-	-	-	-	-
HAMBI_1972	anc	evo	M - Cell wall/membrane/envelope biogenesis	lamB	involved in the transport of maltose and maltodextrins	Maltoporin	6	H1972_01106	36.7368005696771	8.116082080750772	1107	13	3	9.365237116246368	4	6	3	HAMBI_1972_chrm01_circ	CDS	1167031	1168353	+	1323	1107	888	206	13	216	lamB_2	COG:COG4580	NA	NA	NA	NA	M	380703.AHA_1166	1.3299999999999997e-291	813	COG4580@1|root,COG4580@2|Bacteria,1MX77@1224|Proteobacteria,1RPMF@1236|Gammaproteobacteria,1Y5CH@135624|Aeromonadales	135624|Aeromonadales	M	-	-	ko:K02024	-	-	-	-	ko00000,ko02000	1.B.3.1.1	-	-	LamB
HAMBI_1972	evo	anc	K – Transcription	rpoB	DNA-dependent RNA polymerase catalyzes the transcription of DNA into RNA using the four ribonucleoside triphosphates as substrates	DNA-directed RNA polymerase subunit beta	7	H1972_00269	6.93167010266361	6.56746042445006	3343	3	1	0.7156619448918334	0	3	0	HAMBI_1972_chrm01_circ	CDS	290580	294608	+	4029	3343	2607	655	81	686	rpoB	COG:COG0085	2.7.7.6	NA	NA	NA	K	1448139.AI20_20900	0	2600	COG0085@1|root,COG0085@2|Bacteria,1MUC4@1224|Proteobacteria,1RMK0@1236|Gammaproteobacteria,1Y3R5@135624|Aeromonadales	135624|Aeromonadales	K	-	2.7.7.6	ko:K03043	ko00230,ko00240,ko01100,ko03020,map00230,map00240,map01100,map03020	M00183	R00435,R00441,R00442,R00443	RC02795	br01611,ko00000,ko00001,ko00002,ko01000,ko03021,ko03400	-	-	-	RNA_pol_Rpb2_1,RNA_pol_Rpb2_2,RNA_pol_Rpb2_3,RNA_pol_Rpb2_45,RNA_pol_Rpb2_6,RNA_pol_Rpb2_7
HAMBI_1972	evo	anc	D - Cell cycle control, cell division, chromosome partitioning	smc	Required for chromosome condensation and partitioning	Chromosome partition protein Smc	7	H1972_01157	7.488363221564605	6.56746042445006	2754	3	1	0.8687210899685545	0	3	0	HAMBI_1972_chrm01_circ	CDS	1227486	1230860	+	3375	2754	2140	580	34	621	smc	NA	NA	NA	NA	NA	D	380703.AHA_1227	0	1754	COG1196@1|root,COG1196@2|Bacteria,1MUAQ@1224|Proteobacteria,1RNA6@1236|Gammaproteobacteria	1236|Gammaproteobacteria	D	-	-	ko:K03529	-	-	-	-	ko00000,ko03036	-	-	-	SMC_N,SMC_hinge
HAMBI_1972	evo	anc	V - Defense mechanisms	-	Efflux pump membrane transporter	Multidrug resistance protein MexB	7	H1972_01043	7.804095904116579	6.56746042445006	2469	3	2	0.9689987370487643	1	2	0	HAMBI_1972_chrm01_circ	CDS	1103597	1106713	-	3117	2469	2018	396	55	648	mexB	COG:COG0841	NA	NA	NA	NA	V	1448139.AI20_12570	0	1825	COG0841@1|root,COG0841@2|Bacteria,1MU48@1224|Proteobacteria,1RMBN@1236|Gammaproteobacteria,1Y3W3@135624|Aeromonadales	135624|Aeromonadales	V	-	-	ko:K18146	ko01501,map01501	M00649	-	-	ko00000,ko00001,ko00002,ko01504,ko02000	2.A.6.2.40	-	-	ACR_tran
HAMBI_1972	evo	anc	P - Inorganic ion transport and metabolism	-	transport system permease component	hypothetical protein	7	H1972_02826	9.76421571953005	6.56746042445006	1263	3	1	1.8942659396463968	0	3	0	HAMBI_1972_chrm01_circ	CDS	3139841	3141493	+	1653	1263	1030	217	16	390	NA	NA	NA	NA	NA	NA	P	380703.AHA_1545	4.7099999999999995e-252	708	COG4135@1|root,COG4135@2|Bacteria,1MV6R@1224|Proteobacteria,1RR4B@1236|Gammaproteobacteria,1Y56H@135624|Aeromonadales	135624|Aeromonadales	P	-	-	ko:K05778	-	M00192	-	-	ko00000,ko00002,ko02000	-	-	-	BPD_transp_1
HAMBI_1972	evo	anc	E - Amino acid transport and metabolism	-	glutamine synthetase	Gamma-glutamylputrescine synthetase PuuA	7	H1972_00157	10.07158757264922	6.56746042445006	1138	3	1	2.1023355727358517	0	3	0	HAMBI_1972_chrm01_circ	CDS	172564	173922	+	1359	1138	889	228	21	221	puuA	COG:COG0174	6.3.1.11	NA	NA	NA	E	382245.ASA_0172	0	882	COG0174@1|root,COG0174@2|Bacteria,1MU6V@1224|Proteobacteria,1RPNZ@1236|Gammaproteobacteria,1Y3X9@135624|Aeromonadales	135624|Aeromonadales	E	-	6.3.1.2	ko:K01915	ko00220,ko00250,ko00630,ko00910,ko01100,ko01120,ko01230,ko02020,ko04217,ko04724,ko04727,map00220,map00250,map00630,map00910,map01100,map01120,map01230,map02020,map04217,map04724,map04727	-	R00253	RC00010,RC02798	ko00000,ko00001,ko01000,ko04147	-	-	-	Gln-synt_C
HAMBI_1972	evo	anc	P - Inorganic ion transport and metabolism	-	Required for the activity of the bacterial periplasmic transport system of putrescine	Putrescine-binding periplasmic protein SpuD	7	H1972_00159	10.70355575656101	6.56746042445006	919	3	1	2.6033274012768217	0	3	0	HAMBI_1972_chrm01_circ	CDS	175629	176726	+	1098	919	720	181	18	179	spuD_1	COG:COG0687	NA	NA	NA	NA	P	998088.B565_0131	6.069999999999999e-253	695	COG0687@1|root,COG0687@2|Bacteria,1MUYW@1224|Proteobacteria,1RM7W@1236|Gammaproteobacteria,1Y3J9@135624|Aeromonadales	135624|Aeromonadales	P	-	-	ko:K11073	ko02010,map02010	M00300	-	-	ko00000,ko00001,ko00002,ko02000	3.A.1.11.2	-	-	SBP_bac_8
HAMBI_1972	evo	anc	M - Cell wall/membrane/envelope biogenesis	-	Belongs to the Gram-negative porin family	Outer membrane porin PhoE	7	H1972_01539	10.848882053187621	6.56746042445006	875	3	1	2.7342375791695988	0	3	0	HAMBI_1972_chrm01_circ	CDS	1655306	1656343	+	1038	875	682	176	17	163	phoE_1	COG:COG3203	NA	NA	NA	NA	M	1448139.AI20_05440	3.399999999999999e-203	568	COG3203@1|root,COG3203@2|Bacteria,1MVRY@1224|Proteobacteria,1RNBS@1236|Gammaproteobacteria,1Y4TY@135624|Aeromonadales	135624|Aeromonadales	M	-	-	-	-	-	-	-	-	-	-	-	Porin_1,Porin_4
HAMBI_1972	evo	anc	E - Amino acid transport and metabolism	-	Beta-eliminating lyase	L-allo-threonine aldolase	7	H1972_01805	11.052183709976713	6.56746042445006	817	3	1	2.928345020530476	3	0	0	HAMBI_1972_chrm01_circ	CDS	1973335	1974351	+	1017	817	646	157	14	200	ltaA	NA	4.1.2.49	NA	NA	NA	E	380703.AHA_1795	2.05e-203	567	COG2008@1|root,COG2008@2|Bacteria,1MWCR@1224|Proteobacteria,1RNYX@1236|Gammaproteobacteria,1Y69E@135624|Aeromonadales	135624|Aeromonadales	E	-	4.1.2.48,4.1.2.49	ko:K01620,ko:K20801	ko00260,ko01100,ko01110,ko01120,ko01130,ko01230,map00260,map01100,map01110,map01120,map01130,map01230	-	R00751,R06171	RC00312,RC00372	ko00000,ko00001,ko01000	-	-	-	Beta_elim_lyase
HAMBI_1972	evo	anc	H - Coenzyme transport and metabolism	-	Belongs to the FPP GGPP synthase family	Octaprenyl diphosphate synthase	7	H1972_00816	11.099753384243572	6.56746042445006	804	3	1	2.975693882802735	3	0	0	HAMBI_1972_chrm01_circ	CDS	875821	876792	-	972	804	627	160	17	168	ispB	COG:COG0142	2.5.1.90	NA	NA	NA	H	380703.AHA_0929	1.0299999999999998e-218	605	COG0142@1|root,COG0142@2|Bacteria,1MUK6@1224|Proteobacteria,1RPR7@1236|Gammaproteobacteria,1Y47Z@135624|Aeromonadales	135624|Aeromonadales	H	-	2.5.1.90	ko:K02523	ko00900,ko01110,map00900,map01110	-	R09248	RC00279	ko00000,ko00001,ko01000,ko01006	-	-	-	polyprenyl_synt
HAMBI_1972	evo	anc	D - Cell cycle control, cell division, chromosome partitioning	minD	Belongs to the ParA family	Septum site-determining protein MinD	7	H1972_02204	11.654385738762123	6.56746042445006	667	3	1	3.5868933759721124	0	0	3	HAMBI_1972_chrm01_circ	CDS	2411506	2412318	+	813	667	518	130	19	146	minD	COG:COG2894	NA	NA	NA	NA	D	1448139.AI20_07700	4.82e-186	518	COG2894@1|root,COG2894@2|Bacteria,1MUEU@1224|Proteobacteria,1RNJ0@1236|Gammaproteobacteria,1Y45D@135624|Aeromonadales	135624|Aeromonadales	D	-	-	ko:K03609	-	-	-	-	ko00000,ko03036,ko04812	-	-	-	AAA_31,CbiA
HAMBI_1972	evo	anc	P - Inorganic ion transport and metabolism	metN3	Part of the ABC transporter complex MetNIQ involved in methionine import. Responsible for energy coupling to the transport system	Methionine import ATP-binding protein MetN	7	H1972_03098	11.800526903480645	6.56746042445006	635	3	1	3.767650207517164	3	0	0	HAMBI_1972_chrm01_circ	CDS	3421084	3421878	-	795	635	493	126	16	160	metN_2	COG:COG1135	3.6.3.-	NA	NA	NA	P	561229.Dd1591_2630	1.44e-131	379	COG1135@1|root,COG1135@2|Bacteria,1QTTK@1224|Proteobacteria,1RNR2@1236|Gammaproteobacteria,2JE22@204037|Dickeya	1236|Gammaproteobacteria	P	-	-	ko:K02071	ko02010,map02010	M00238	-	-	ko00000,ko00001,ko00002,ko02000	3.A.1.24	-	-	ABC_tran,NIL
HAMBI_1972	evo	anc	S - Function unknown	-	Branched-chain amino acid ATP-binding cassette transporter	Lipopolysaccharide export system ATP-binding protein LptB	7	H1972_00362	11.919967148778044	6.56746042445006	610	3	1	3.9220621012678674	0	3	0	HAMBI_1972_chrm01_circ	CDS	397243	397968	+	726	610	462	127	21	116	lptB_1	COG:COG1137	3.6.3.-	NA	NA	NA	S	998088.B565_0304	1.0899999999999997e-163	459	COG1137@1|root,COG1137@2|Bacteria,1MU8M@1224|Proteobacteria,1RPW1@1236|Gammaproteobacteria,1Y3MI@135624|Aeromonadales	135624|Aeromonadales	S	-	-	ko:K06861	ko02010,map02010	M00320	-	-	ko00000,ko00001,ko00002,ko01000,ko02000	1.B.42.1	-	-	ABC_tran,BCA_ABC_TP_C
HAMBI_1972	evo	anc	S - Function unknown	-	SNARE associated Golgi protein	hypothetical protein	7	H1972_00671	12.65841893830657	6.56746042445006	476	3	2	5.026172020532351	1	2	0	HAMBI_1972_chrm01_circ	CDS	706952	707533	+	582	476	385	79	12	106	NA	NA	NA	NA	NA	NA	S	1448139.AI20_15105	1.03e-126	361	COG1238@1|root,COG1238@2|Bacteria,1MWED@1224|Proteobacteria,1RPT7@1236|Gammaproteobacteria,1Y4GA@135624|Aeromonadales	135624|Aeromonadales	S	-	-	-	-	-	-	-	-	-	-	-	SNARE_assoc
HAMBI_1972	evo	anc	K – Transcription	rpoD	Sigma factors are initiation factors that promote the attachment of RNA polymerase to specific initiation sites and are then released. This sigma factor is the primary sigma factor during exponential growth	RNA polymerase sigma factor RpoD	7	H1972_00678	12.924785924675936	6.56746042445006	1575	4	2	2.0253611697552585	0	1	3	HAMBI_1972_chrm01_circ	CDS	713684	715540	+	1857	1575	1230	298	47	282	rpoD	COG:COG0568	NA	NA	NA	NA	K	1448139.AI20_15070	0	1100	COG0568@1|root,COG0568@2|Bacteria,1MVNJ@1224|Proteobacteria,1RMQI@1236|Gammaproteobacteria,1Y430@135624|Aeromonadales	135624|Aeromonadales	K	-	-	ko:K03086	-	-	-	-	ko00000,ko03021	-	-	-	Sigma70_ner,Sigma70_r1_1,Sigma70_r1_2,Sigma70_r2,Sigma70_r3,Sigma70_r4
HAMBI_1972	evo	anc	Q - Secondary metabolites biosynthesis, transport and catabolism	acpP	Carrier of the growing fatty acid chain in fatty acid biosynthesis	Acyl carrier protein	7	H1972_02107	15.145124238354834	6.56746042445006	207	3	1	11.55776754479903	3	0	0	HAMBI_1972_chrm01_circ	CDS	2297927	2298163	-	237	207	154	45	8	30	acpP	COG:COG0236	NA	NA	NA	NA	Q	1448139.AI20_08275	3.5499999999999993e-43	141	COG0236@1|root,COG0236@2|Bacteria,1MZ4P@1224|Proteobacteria,1S8X4@1236|Gammaproteobacteria,1Y4N5@135624|Aeromonadales	135624|Aeromonadales	IQ	-	-	ko:K02078	-	-	-	-	ko00000,ko00001	-	-	-	PP-binding
HAMBI_1972	evo	anc	F - Nucleotide transport and metabolism	cdd	This enzyme scavenges exogenous and endogenous cytidine and 2'-deoxycytidine for UMP synthesis	Cytidine deaminase	7	H1972_02461	16.039351241455783	6.56746042445006	716	4	2	4.455228830118061	2	2	0	HAMBI_1972_chrm01_circ	CDS	2705510	2706391	+	882	716	567	141	8	166	cdd	COG:COG0295	3.5.4.5	NA	NA	NA	F	380703.AHA_1894	5.2099999999999986e-197	547	COG0295@1|root,COG0295@2|Bacteria,1MY2R@1224|Proteobacteria,1RMRX@1236|Gammaproteobacteria,1Y5M3@135624|Aeromonadales	135624|Aeromonadales	F	-	3.5.4.5	ko:K01489	ko00240,ko00983,ko01100,map00240,map00983,map01100	-	R01878,R02485,R08221	RC00074,RC00514	ko00000,ko00001,ko01000	-	-	-	dCMP_cyt_deam_1,dCMP_cyt_deam_2
HAMBI_1972	evo	anc	M - Cell wall/membrane/envelope biogenesis	-	Acid phosphatase homologues	hypothetical protein	7	H1972_00299	18.907175002396524	6.56746042445006	1061	5	2	3.7581807756415313	1	4	0	HAMBI_1972_chrm01_circ	CDS	326772	328148	-	1377	1061	846	203	12	316	NA	NA	NA	NA	NA	NA	M	382245.ASA_4045	4.84e-177	510	COG0494@1|root,COG0671@1|root,COG0494@2|Bacteria,COG0671@2|Bacteria,1RK7V@1224|Proteobacteria,1S6KG@1236|Gammaproteobacteria	1236|Gammaproteobacteria	M	-	-	-	-	-	-	-	-	-	-	-	NUDIX,PAP2
HAMBI_1972	evo	anc	P - Inorganic ion transport and metabolism	corC	Magnesium and cobalt efflux protein CorC	Magnesium and cobalt efflux protein CorC	7	H1972_03115	20.600606782458144	6.56746042445006	754	5	2	5.288368438933243	1	4	0	HAMBI_1972_chrm01_circ	CDS	3437872	3438753	+	882	754	576	154	24	128	corC	COG:COG4535	NA	NA	NA	NA	P	998088.B565_0914	9.35e-198	549	COG4535@1|root,COG4535@2|Bacteria,1QTU8@1224|Proteobacteria,1RMKX@1236|Gammaproteobacteria,1Y3VX@135624|Aeromonadales	135624|Aeromonadales	P	-	-	ko:K06189	-	-	-	-	ko00000,ko02000	9.A.40.1.2	-	-	CBS,CorC_HlyC
HAMBI_1972	evo	anc	K – Transcription	rpoS	RNA polymerase sigma	RNA polymerase sigma factor RpoS	7	H1972_00673	25.092399573918833	6.56746042445006	814	6	2	5.878274893792136	4	2	0	HAMBI_1972_chrm01_circ	CDS	708660	709643	+	984	814	631	164	19	170	rpoS	COG:COG0568	NA	NA	NA	NA	K	1448139.AI20_15095	7.149999999999998e-212	588	COG0568@1|root,COG0568@2|Bacteria,1MUDI@1224|Proteobacteria,1RN8V@1236|Gammaproteobacteria,1Y47D@135624|Aeromonadales	135624|Aeromonadales	K	-	-	ko:K03087	ko02026,ko05111,map02026,map05111	-	-	-	ko00000,ko00001,ko03021	-	-	-	Sigma70_r1_2,Sigma70_r2,Sigma70_r3,Sigma70_r4
HAMBI_1972	evo	anc	D - Cell cycle control, cell division, chromosome partitioning	minE	Prevents the cell division inhibition by proteins MinC and MinD at internal division sites while permitting inhibition at polar sites. This ensures cell division at the proper site by restricting the formation of a division septum at the midpoint of the long axis of the cell	Cell division topological specificity factor	7	H1972_02205	36.7368005696771	6.56746042445006	236	9	2	30.412600192034734	5	0	4	HAMBI_1972_chrm01_circ	CDS	2412321	2412590	+	270	236	172	57	7	34	minE	COG:COG0851	NA	NA	NA	NA	D	382245.ASA_2169	3.709999999999999e-52	164	COG0851@1|root,COG0851@2|Bacteria,1N6QD@1224|Proteobacteria,1SC8W@1236|Gammaproteobacteria,1Y4N2@135624|Aeromonadales	135624|Aeromonadales	D	-	-	ko:K03608	-	-	-	-	ko00000,ko03036,ko04812	-	-	-	MinE
HAMBI_1972	evo	evo	M - Cell wall/membrane/envelope biogenesis	-	Bacterial sugar transferase	UDP-N-acetylgalactosamine-undecaprenyl-phosphate N-acetylgalactosaminephosphotransferase	8	H1972_01454	8.896895296166253	6.616080683300056	1056	2	2	1.5103900768771459	1	1	0	HAMBI_1972_chrm01_circ	CDS	1561429	1562700	+	1272	1056	810	217	29	216	wecA	NA	2.7.8.40	NA	NA	NA	M	1448139.AI20_04960	3.48e-280	768	COG2148@1|root,COG2148@2|Bacteria,1MV6W@1224|Proteobacteria,1RMMN@1236|Gammaproteobacteria,1Y5VG@135624|Aeromonadales	135624|Aeromonadales	M	GO:0000271,GO:0003674,GO:0003824,GO:0005975,GO:0005976,GO:0006629,GO:0008150,GO:0008152,GO:0008610,GO:0008653,GO:0009058,GO:0009059,GO:0009103,GO:0009243,GO:0009987,GO:0016051,GO:0016740,GO:0016772,GO:0016780,GO:0033692,GO:0034637,GO:0034645,GO:0043170,GO:0044237,GO:0044238,GO:0044249,GO:0044255,GO:0044260,GO:0044262,GO:0044264,GO:0046402,GO:0071704,GO:1901135,GO:1901137,GO:1901576,GO:1903509	2.7.8.40,2.7.8.6	ko:K00996,ko:K21303	-	-	-	-	ko00000,ko01000,ko01003,ko01005	-	-	-	Bac_transf,CoA_binding_3
HAMBI_1972	evo	evo	D - Cell cycle control, cell division, chromosome partitioning	smc	Required for chromosome condensation and partitioning	Chromosome partition protein Smc	8	H1972_01157	11.237560274865514	6.616080683300056	2754	3	1	0.8687210899685545	0	3	0	HAMBI_1972_chrm01_circ	CDS	1227486	1230860	+	3375	2754	2140	580	34	621	smc	NA	NA	NA	NA	NA	D	380703.AHA_1227	0	1754	COG1196@1|root,COG1196@2|Bacteria,1MUAQ@1224|Proteobacteria,1RNA6@1236|Gammaproteobacteria	1236|Gammaproteobacteria	D	-	-	ko:K03529	-	-	-	-	ko00000,ko03036	-	-	-	SMC_N,SMC_hinge
HAMBI_1972	evo	evo	K – Transcription	rpoD	Sigma factors are initiation factors that promote the attachment of RNA polymerase to specific initiation sites and are then released. This sigma factor is the primary sigma factor during exponential growth	RNA polymerase sigma factor RpoD	8	H1972_00678	12.90005323404744	6.616080683300056	1575	3	1	1.519020877316444	0	0	3	HAMBI_1972_chrm01_circ	CDS	713684	715540	+	1857	1575	1230	298	47	282	rpoD	COG:COG0568	NA	NA	NA	NA	K	1448139.AI20_15070	0	1100	COG0568@1|root,COG0568@2|Bacteria,1MVNJ@1224|Proteobacteria,1RMQI@1236|Gammaproteobacteria,1Y430@135624|Aeromonadales	135624|Aeromonadales	K	-	-	ko:K03086	-	-	-	-	ko00000,ko03021	-	-	-	Sigma70_ner,Sigma70_r1_1,Sigma70_r1_2,Sigma70_r2,Sigma70_r3,Sigma70_r4
HAMBI_1972	evo	evo	M - Cell wall/membrane/envelope biogenesis	lamB	involved in the transport of maltose and maltodextrins	Maltoporin	8	H1972_01106	13.952335173122561	6.616080683300056	1107	3	1	2.161208565287623	3	0	0	HAMBI_1972_chrm01_circ	CDS	1167031	1168353	+	1323	1107	888	206	13	216	lamB_2	COG:COG4580	NA	NA	NA	NA	M	380703.AHA_1166	1.3299999999999997e-291	813	COG4580@1|root,COG4580@2|Bacteria,1MX77@1224|Proteobacteria,1RPMF@1236|Gammaproteobacteria,1Y5CH@135624|Aeromonadales	135624|Aeromonadales	M	-	-	ko:K02024	-	-	-	-	ko00000,ko02000	1.B.3.1.1	-	-	LamB
HAMBI_1972	evo	evo	P - Inorganic ion transport and metabolism	-	Required for the activity of the bacterial periplasmic transport system of putrescine	Putrescine-binding periplasmic protein SpuD	8	H1972_00159	14.50848442116731	6.616080683300056	919	3	1	2.6033274012768217	0	3	0	HAMBI_1972_chrm01_circ	CDS	175629	176726	+	1098	919	720	181	18	179	spuD_1	COG:COG0687	NA	NA	NA	NA	P	998088.B565_0131	6.069999999999999e-253	695	COG0687@1|root,COG0687@2|Bacteria,1MUYW@1224|Proteobacteria,1RM7W@1236|Gammaproteobacteria,1Y3J9@135624|Aeromonadales	135624|Aeromonadales	P	-	-	ko:K11073	ko02010,map02010	M00300	-	-	ko00000,ko00001,ko00002,ko02000	3.A.1.11.2	-	-	SBP_bac_8
HAMBI_1972	evo	evo	M - Cell wall/membrane/envelope biogenesis	-	Belongs to the Gram-negative porin family	Outer membrane porin PhoE	8	H1972_01539	14.655151698063644	6.616080683300056	875	3	1	2.7342375791695988	0	3	0	HAMBI_1972_chrm01_circ	CDS	1655306	1656343	+	1038	875	682	176	17	163	phoE_1	COG:COG3203	NA	NA	NA	NA	M	1448139.AI20_05440	3.399999999999999e-203	568	COG3203@1|root,COG3203@2|Bacteria,1MVRY@1224|Proteobacteria,1RNBS@1236|Gammaproteobacteria,1Y4TY@135624|Aeromonadales	135624|Aeromonadales	M	-	-	-	-	-	-	-	-	-	-	-	Porin_1,Porin_4
HAMBI_1972	evo	evo	K – Transcription	rpoS	RNA polymerase sigma	RNA polymerase sigma factor RpoS	8	H1972_00673	14.871222109221122	6.616080683300056	814	3	1	2.939137446896068	0	3	0	HAMBI_1972_chrm01_circ	CDS	708660	709643	+	984	814	631	164	19	170	rpoS	COG:COG0568	NA	NA	NA	NA	K	1448139.AI20_15095	7.149999999999998e-212	588	COG0568@1|root,COG0568@2|Bacteria,1MUDI@1224|Proteobacteria,1RN8V@1236|Gammaproteobacteria,1Y47D@135624|Aeromonadales	135624|Aeromonadales	K	-	-	ko:K03087	ko02026,ko05111,map02026,map05111	-	-	-	ko00000,ko00001,ko03021	-	-	-	Sigma70_r1_2,Sigma70_r2,Sigma70_r3,Sigma70_r4
HAMBI_1972	evo	evo	D - Cell cycle control, cell division, chromosome partitioning	minD	Belongs to the ParA family	Septum site-determining protein MinD	8	H1972_02204	15.466997484120313	6.616080683300056	667	3	1	3.5868933759721124	0	0	3	HAMBI_1972_chrm01_circ	CDS	2411506	2412318	+	813	667	518	130	19	146	minD	COG:COG2894	NA	NA	NA	NA	D	1448139.AI20_07700	4.82e-186	518	COG2894@1|root,COG2894@2|Bacteria,1MUEU@1224|Proteobacteria,1RNJ0@1236|Gammaproteobacteria,1Y45D@135624|Aeromonadales	135624|Aeromonadales	D	-	-	ko:K03609	-	-	-	-	ko00000,ko03036,ko04812	-	-	-	AAA_31,CbiA
HAMBI_1972	evo	evo	P - Inorganic ion transport and metabolism	metN3	Part of the ABC transporter complex MetNIQ involved in methionine import. Responsible for energy coupling to the transport system	Methionine import ATP-binding protein MetN	8	H1972_03098	15.614114783163341	6.616080683300056	635	3	1	3.767650207517164	3	0	0	HAMBI_1972_chrm01_circ	CDS	3421084	3421878	-	795	635	493	126	16	160	metN_2	COG:COG1135	3.6.3.-	NA	NA	NA	P	561229.Dd1591_2630	1.44e-131	379	COG1135@1|root,COG1135@2|Bacteria,1QTTK@1224|Proteobacteria,1RNR2@1236|Gammaproteobacteria,2JE22@204037|Dickeya	1236|Gammaproteobacteria	P	-	-	ko:K02071	ko02010,map02010	M00238	-	-	ko00000,ko00001,ko00002,ko02000	3.A.1.24	-	-	ABC_tran,NIL
HAMBI_1972	evo	evo	S - Function unknown	-	Protein of unknown function, DUF	hypothetical protein	8	H1972_02723	17.511221887166254	6.616080683300056	337	3	1	7.099281548289018	3	0	0	HAMBI_1972_chrm01_circ	CDS	3033288	3033689	+	402	337	265	68	4	65	NA	NA	NA	NA	NA	NA	S	1448139.AI20_10805	5.74e-80	239	COG3085@1|root,COG3085@2|Bacteria,1RD72@1224|Proteobacteria,1S3NW@1236|Gammaproteobacteria,1Y4MP@135624|Aeromonadales	135624|Aeromonadales	S	-	-	ko:K09897	-	-	-	-	ko00000	-	-	-	DUF413
HAMBI_1972	evo	evo	S - Function unknown	-	Protein of unknown function DUF115	hypothetical protein	8	H1972_00421	32.67635755913068	6.616080683300056	819	6	2	5.84238798967863	0	3	3	HAMBI_1972_chrm01_circ	CDS	447796	448797	+	1002	819	630	180	9	183	NA	NA	NA	NA	NA	NA	S	382245.ASA_0374	2.18e-181	528	COG2604@1|root,COG2604@2|Bacteria,1NNJY@1224|Proteobacteria,1SI36@1236|Gammaproteobacteria,1Y61D@135624|Aeromonadales	135624|Aeromonadales	S	-	-	-	-	-	-	-	-	-	-	-	-
HAMBI_1977	evo	anc	I - Lipid transport and metabolism	yciA	Long-chain acyl-CoA thioester hydrolase	putative acyl-CoA thioester hydrolase	10	H1977_05849	9.352479388735325	6.837375872154566	327	2	2	4.956817659901014	1	1	0	HAMBI_1977_chrm01_circ	CDS	6524501	6524905	+	405	327	270	49	8	78	NA	COG:COG1607	3.1.2.-	NA	NA	NA	I	1124983.PFLCHA0_c60820	4.39e-88	259	COG1607@1|root,COG1607@2|Bacteria,1MZAZ@1224|Proteobacteria,1SA9N@1236|Gammaproteobacteria,1YQAS@136843|Pseudomonas fluorescens group	1236|Gammaproteobacteria	I	GO:0003674,GO:0003824,GO:0005575,GO:0005622,GO:0005623,GO:0005737,GO:0005829,GO:0006082,GO:0006139,GO:0006163,GO:0006629,GO:0006631,GO:0006637,GO:0006725,GO:0006732,GO:0006753,GO:0006790,GO:0006793,GO:0006796,GO:0006807,GO:0008150,GO:0008152,GO:0009117,GO:0009150,GO:0009259,GO:0009987,GO:0016289,GO:0016787,GO:0016788,GO:0016790,GO:0019637,GO:0019693,GO:0019752,GO:0032787,GO:0033865,GO:0033875,GO:0034032,GO:0034641,GO:0035383,GO:0043436,GO:0043603,GO:0044237,GO:0044238,GO:0044255,GO:0044281,GO:0044424,GO:0044444,GO:0044464,GO:0046483,GO:0047617,GO:0051186,GO:0055086,GO:0071704,GO:0072521,GO:1901135,GO:1901360,GO:1901564	-	ko:K10806	ko01040,map01040	-	-	-	ko00000,ko00001,ko01000,ko01004	-	-	-	4HBT
HAMBI_1977	evo	anc	E - Amino acid transport and metabolism	-	ABC-type oligopeptide transport system, periplasmic component	hypothetical protein	10	H1977_02612	10.21770679871463	6.837375872154566	1513	3	2	1.606952453523759	2	1	0	HAMBI_1977_chrm01_circ	CDS	2895386	2897215	-	1830	1513	1168	322	23	317	NA	NA	NA	NA	NA	NA	E	587753.EY04_12980	0	1239	COG4166@1|root,COG4166@2|Bacteria,1MUVU@1224|Proteobacteria,1S1X3@1236|Gammaproteobacteria	1236|Gammaproteobacteria	E	-	-	ko:K13893	ko02010,map02010	M00349	-	-	ko00000,ko00001,ko00002,ko02000	3.A.1.5.21,3.A.1.5.24	-	-	SBP_bac_5
HAMBI_1977	evo	anc	P - Inorganic ion transport and metabolism	pstA	phosphate transport system permease	hypothetical protein	10	H1977_05845	10.55474459181623	6.837375872154566	1350	3	1	1.8009770830973684	0	3	0	HAMBI_1977_chrm01_circ	CDS	6517423	6519093	-	1671	1350	1076	243	31	321	NA	NA	NA	NA	NA	NA	P	587753.EY04_30040	0	1081	COG0581@1|root,COG0581@2|Bacteria,1MUWB@1224|Proteobacteria,1RPV9@1236|Gammaproteobacteria	1236|Gammaproteobacteria	P	-	-	ko:K02038	ko02010,map02010	M00222	-	-	ko00000,ko00001,ko00002,ko02000	3.A.1.7	-	-	BPD_transp_1
HAMBI_1977	evo	anc	H - Coenzyme transport and metabolism	pdxA	Catalyzes the NAD(P)-dependent oxidation of 4- (phosphohydroxy)-L-threonine (HTP) into 2-amino-3-oxo-4- (phosphohydroxy)butyric acid which spontaneously decarboxylates to form 3-amino-2-oxopropyl phosphate (AHAP)	4-hydroxythreonine-4-phosphate dehydrogenase	10	H1977_05366	12.126493430525086	6.837375872154566	795	3	1	3.058262971297418	0	3	0	HAMBI_1977_chrm01_circ	CDS	5992566	5993555	+	990	795	624	153	18	195	pdxA	COG:COG1995	1.1.1.262	NA	NA	NA	H	587753.EY04_32350	1.6999999999999995e-236	650	COG1995@1|root,COG1995@2|Bacteria,1MX5W@1224|Proteobacteria,1RNZV@1236|Gammaproteobacteria	1236|Gammaproteobacteria	H	GO:0000166,GO:0000287,GO:0003674,GO:0003824,GO:0005488,GO:0005515,GO:0006081,GO:0006725,GO:0006732,GO:0006766,GO:0006767,GO:0006793,GO:0006796,GO:0006807,GO:0008150,GO:0008152,GO:0008270,GO:0008614,GO:0008615,GO:0009058,GO:0009108,GO:0009110,GO:0009987,GO:0016491,GO:0016614,GO:0016616,GO:0017144,GO:0018130,GO:0019438,GO:0019637,GO:0034641,GO:0036094,GO:0042364,GO:0042802,GO:0042816,GO:0042819,GO:0042822,GO:0042823,GO:0043167,GO:0043169,GO:0044237,GO:0044249,GO:0044271,GO:0044281,GO:0044283,GO:0046184,GO:0046483,GO:0046872,GO:0046914,GO:0048037,GO:0050570,GO:0050662,GO:0051186,GO:0051188,GO:0051287,GO:0055114,GO:0071704,GO:0072524,GO:0072525,GO:0090407,GO:0097159,GO:1901265,GO:1901360,GO:1901362,GO:1901363,GO:1901564,GO:1901566,GO:1901576,GO:1901615,GO:1901617	1.1.1.262	ko:K00097	ko00750,ko01100,map00750,map01100	M00124	R05681,R05837,R07406	RC00089,RC00675,RC01475	ko00000,ko00001,ko00002,ko01000	-	-	iECO111_1330.ECO111_0056	PdxA
HAMBI_1977	evo	anc	E - Amino acid transport and metabolism	argE	Belongs to the peptidase M20A family. ArgE subfamily	Acetylornithine deacetylase	10	H1977_05641	16.181630146661757	6.837375872154566	965	4	2	3.3593354917878373	2	2	0	HAMBI_1977_chrm01_circ	CDS	6297803	6298987	-	1185	965	756	192	17	220	argE_3	COG:COG0624	3.5.1.16	NA	NA	NA	E	587753.EY04_30965	8.24e-283	772	COG0624@1|root,COG0624@2|Bacteria,1MVBR@1224|Proteobacteria,1RNDG@1236|Gammaproteobacteria	1236|Gammaproteobacteria	E	GO:0003674,GO:0003824,GO:0005488,GO:0006082,GO:0006520,GO:0006525,GO:0006526,GO:0006807,GO:0008150,GO:0008152,GO:0008270,GO:0008652,GO:0008777,GO:0009058,GO:0009064,GO:0009084,GO:0009987,GO:0016053,GO:0016787,GO:0016810,GO:0016811,GO:0019213,GO:0019752,GO:0043167,GO:0043169,GO:0043436,GO:0044237,GO:0044238,GO:0044249,GO:0044281,GO:0044283,GO:0046394,GO:0046872,GO:0046914,GO:0050897,GO:0071704,GO:1901564,GO:1901566,GO:1901576,GO:1901605,GO:1901607	3.5.1.16	ko:K01438	ko00220,ko01100,ko01110,ko01130,ko01210,ko01230,map00220,map01100,map01110,map01130,map01210,map01230	M00028,M00845	R00669,R09107	RC00064,RC00300	ko00000,ko00001,ko00002,ko01000	-	-	iECUMN_1333.ECUMN_4488	M20_dimer,Peptidase_M20,Peptidase_M28
HAMBI_1977	evo	anc	K – Transcription	nfxB	Transcriptional regulator	hypothetical protein	10	H1977_02929	19.085824906293116	6.837375872154566	465	4	2	6.971524192634974	2	2	0	HAMBI_1977_chrm01_circ	CDS	3271922	3272482	-	561	465	363	94	8	96	NA	NA	NA	NA	NA	NA	K	160488.PP_2820	1.6999999999999998e-110	320	COG1309@1|root,COG1309@2|Bacteria,1RM3U@1224|Proteobacteria,1SEUK@1236|Gammaproteobacteria,1YVGW@136845|Pseudomonas putida group	1236|Gammaproteobacteria	K	-	-	ko:K18294	-	M00639	-	-	ko00000,ko00002,ko01504,ko03000	-	-	-	HTH_IclR,TetR_N
HAMBI_1977	evo	anc	M - Cell wall/membrane/envelope biogenesis	yfiB	Belongs to the ompA family	Peptidoglycan-associated lipoprotein	10	H1977_00727	42.11167583623357	6.837375872154566	407	7	3	13.93876612225236	3	3	1	HAMBI_1977_chrm01_circ	CDS	841378	841881	+	504	407	314	86	7	97	pal_1	NA	NA	NA	NA	NA	M	587753.EY04_03100	2.239999999999999e-106	308	COG2885@1|root,COG2885@2|Bacteria,1RJ05@1224|Proteobacteria,1S695@1236|Gammaproteobacteria	1236|Gammaproteobacteria	M	-	-	-	-	-	-	-	-	-	-	-	OmpA
HAMBI_1977	evo	anc	M - Cell wall/membrane/envelope biogenesis	lpxC	Catalyzes the hydrolysis of UDP-3-O-myristoyl-N- acetylglucosamine to form UDP-3-O-myristoylglucosamine and acetate, the committed step in lipid A biosynthesis	UDP-3-O-acyl-N-acetylglucosamine deacetylase	10	H1977_04823	42.11167583623357	6.837375872154566	755	20	3	21.468600990564656	6	6	8	HAMBI_1977_chrm01_circ	CDS	5437988	5438899	-	912	755	598	139	18	157	lpxC	COG:COG0774	3.5.1.108	NA	NA	NA	M	587753.EY04_25625	7.869999999999998e-213	588	COG0774@1|root,COG0774@2|Bacteria,1MV6T@1224|Proteobacteria,1RQ72@1236|Gammaproteobacteria	1236|Gammaproteobacteria	M	GO:0003674,GO:0003824,GO:0005488,GO:0005506,GO:0005575,GO:0005622,GO:0005623,GO:0005737,GO:0005975,GO:0006629,GO:0006643,GO:0006644,GO:0006664,GO:0006793,GO:0006796,GO:0008150,GO:0008152,GO:0008270,GO:0008610,GO:0008654,GO:0008759,GO:0009058,GO:0009245,GO:0009247,GO:0009311,GO:0009312,GO:0009987,GO:0016051,GO:0016787,GO:0016810,GO:0016811,GO:0019213,GO:0019637,GO:0043167,GO:0043169,GO:0044237,GO:0044238,GO:0044249,GO:0044255,GO:0044424,GO:0044464,GO:0046467,GO:0046493,GO:0046872,GO:0046914,GO:0071704,GO:0090407,GO:1901135,GO:1901137,GO:1901269,GO:1901271,GO:1901576,GO:1903509	3.5.1.108	ko:K02535	ko00540,ko01100,map00540,map01100	M00060	R04587	RC00166,RC00300	ko00000,ko00001,ko00002,ko01000,ko01005	-	-	iECS88_1305.ECS88_0100	LpxC
HAMBI_1977	evo	evo	T - Signal transduction mechanisms	cbrA	COG0591 Na proline symporter	Adaptive-response sensory-kinase SasA	11	H1977_05026	14.384783272972681	10.527078189569265	2399	3	2	1.0134718891961014	0	2	1	HAMBI_1977_chrm01_circ	CDS	5642090	5645044	+	2955	2399	1875	461	63	556	sasA_19	NA	2.7.-.-	NA	NA	NA	T	587753.EY04_26720	0	1895	COG0591@1|root,COG4191@1|root,COG0591@2|Bacteria,COG4191@2|Bacteria,1QTSW@1224|Proteobacteria,1T1G2@1236|Gammaproteobacteria	1236|Gammaproteobacteria	T	-	-	-	-	-	-	-	-	-	-	-	HATPase_c,HisKA,PAS
HAMBI_1977	evo	evo	P - Inorganic ion transport and metabolism	pstA	phosphate transport system permease	hypothetical protein	11	H1977_05845	16.10468051040678	10.527078189569265	1350	3	1	1.8009770830973684	0	3	0	HAMBI_1977_chrm01_circ	CDS	6517423	6519093	-	1671	1350	1076	243	31	321	NA	NA	NA	NA	NA	NA	P	587753.EY04_30040	0	1081	COG0581@1|root,COG0581@2|Bacteria,1MUWB@1224|Proteobacteria,1RPV9@1236|Gammaproteobacteria	1236|Gammaproteobacteria	P	-	-	ko:K02038	ko02010,map02010	M00222	-	-	ko00000,ko00001,ko00002,ko02000	3.A.1.7	-	-	BPD_transp_1
HAMBI_1977	evo	evo	M - Cell wall/membrane/envelope biogenesis	lpxC	Catalyzes the hydrolysis of UDP-3-O-myristoyl-N- acetylglucosamine to form UDP-3-O-myristoylglucosamine and acetate, the committed step in lipid A biosynthesis	UDP-3-O-acyl-N-acetylglucosamine deacetylase	11	H1977_04823	39.130531440347234	10.527078189569265	755	10	3	10.734300495282328	2	4	4	HAMBI_1977_chrm01_circ	CDS	5437988	5438899	-	912	755	598	139	18	157	lpxC	COG:COG0774	3.5.1.108	NA	NA	NA	M	587753.EY04_25625	7.869999999999998e-213	588	COG0774@1|root,COG0774@2|Bacteria,1MV6T@1224|Proteobacteria,1RQ72@1236|Gammaproteobacteria	1236|Gammaproteobacteria	M	GO:0003674,GO:0003824,GO:0005488,GO:0005506,GO:0005575,GO:0005622,GO:0005623,GO:0005737,GO:0005975,GO:0006629,GO:0006643,GO:0006644,GO:0006664,GO:0006793,GO:0006796,GO:0008150,GO:0008152,GO:0008270,GO:0008610,GO:0008654,GO:0008759,GO:0009058,GO:0009245,GO:0009247,GO:0009311,GO:0009312,GO:0009987,GO:0016051,GO:0016787,GO:0016810,GO:0016811,GO:0019213,GO:0019637,GO:0043167,GO:0043169,GO:0044237,GO:0044238,GO:0044249,GO:0044255,GO:0044424,GO:0044464,GO:0046467,GO:0046493,GO:0046872,GO:0046914,GO:0071704,GO:0090407,GO:1901135,GO:1901137,GO:1901269,GO:1901271,GO:1901576,GO:1903509	3.5.1.108	ko:K02535	ko00540,ko01100,map00540,map01100	M00060	R04587	RC00166,RC00300	ko00000,ko00001,ko00002,ko01000,ko01005	-	-	iECS88_1305.ECS88_0100	LpxC
HAMBI_2659	evo	anc	T - Signal transduction mechanisms	-	PAS fold	Sensor histidine kinase RcsC	14	H2659_03908	6.5260039563425885	6.465462660638232	2107	2	2	0.7394162472107783	1	1	0	HAMBI_2659_chrm01_circ	CDS	4153318	4155960	+	2643	2107	1669	413	25	536	rcsC_14	NA	2.7.13.3	NA	NA	NA	T	522373.Smlt3944	0	1708	COG0784@1|root,COG4191@1|root,COG4251@1|root,COG0784@2|Bacteria,COG4191@2|Bacteria,COG4251@2|Bacteria,1QTVB@1224|Proteobacteria,1T1K3@1236|Gammaproteobacteria,1XD9Y@135614|Xanthomonadales	135614|Xanthomonadales	T	-	2.7.13.3	ko:K10819	-	-	-	-	ko00000,ko01000	-	-	-	HATPase_c,HisKA,PAS_7,Response_reg,dCache_1
HAMBI_2659	evo	anc	P - Inorganic ion transport and metabolism	-	Outer membrane protein beta-barrel family	Vitamin B12 transporter BtuB	14	H2659_03917	6.7531903379430895	6.465462660638232	1877	2	2	0.8300213281156685	0	1	1	HAMBI_2659_chrm01_circ	CDS	4164763	4167060	+	2298	1877	1493	352	32	421	btuB_32	NA	NA	NA	NA	NA	P	522373.Smlt3954	0	1484	COG4774@1|root,COG4774@2|Bacteria,1QU2Y@1224|Proteobacteria,1T1NS@1236|Gammaproteobacteria,1XCSC@135614|Xanthomonadales	135614|Xanthomonadales	P	-	-	ko:K02014	-	-	-	-	ko00000,ko02000	1.B.14	-	-	Plug,TonB_dep_Rec
HAMBI_2659	evo	anc	P - Inorganic ion transport and metabolism	-	receptor	Vitamin B12 transporter BtuB	14	H2659_03614	18.708183574535358	6.465462660638232	2386	5	2	1.632386874343158	0	2	3	HAMBI_2659_chrm01_circ	CDS	3809259	3812216	-	2958	2386	1931	415	40	572	btuB_26	NA	NA	NA	NA	NA	P	522373.Smlt3645	0	1940	COG1629@1|root,COG1629@2|Bacteria,COG4771@2|Bacteria,1MU9K@1224|Proteobacteria,1RMTG@1236|Gammaproteobacteria,1X3YY@135614|Xanthomonadales	135614|Xanthomonadales	P	-	-	ko:K02014	-	-	-	-	ko00000,ko02000	1.B.14	-	-	Plug,TonB_dep_Rec
HAMBI_2659	evo	anc	U - Intracellular trafficking, secretion, and vesicular transport	-	Fimbrial protein	Major fimbrial subunit SMF-1	14	H2659_00656	41.734034504475815	6.465462660638232	430	7	2	12.680988639664848	0	4	3	HAMBI_2659_chrm01_circ	CDS	701730	702269	+	540	430	349	72	9	110	smf-1	COG:COG3539	NA	NA	NA	NA	U	391008.Smal_0561	1.38e-115	332	COG3539@1|root,COG3539@2|Bacteria,1RCBG@1224|Proteobacteria,1S38Y@1236|Gammaproteobacteria,1X6ZG@135614|Xanthomonadales	135614|Xanthomonadales	NU	-	-	ko:K07345	ko05133,map05133	-	-	-	ko00000,ko00001,ko02035,ko02044	-	-	-	FimA
HAMBI_2659	evo	evo	P - Inorganic ion transport and metabolism	-	Outer membrane protein beta-barrel family	Vitamin B12 transporter BtuB	15	H2659_03917	8.422026730920125	8.19256827847539	1877	2	2	0.8300213281156685	1	0	1	HAMBI_2659_chrm01_circ	CDS	4164763	4167060	+	2298	1877	1493	352	32	421	btuB_32	NA	NA	NA	NA	NA	P	522373.Smlt3954	0	1484	COG4774@1|root,COG4774@2|Bacteria,1QU2Y@1224|Proteobacteria,1T1NS@1236|Gammaproteobacteria,1XCSC@135614|Xanthomonadales	135614|Xanthomonadales	P	-	-	ko:K02014	-	-	-	-	ko00000,ko02000	1.B.14	-	-	Plug,TonB_dep_Rec
HAMBI_2659	evo	evo	U - Intracellular trafficking, secretion, and vesicular transport	yapH	Autotransporter beta-domain	hypothetical protein	15	H2659_01014	8.968477577097858	8.19256827847539	8316	3	1	0.28101551819500536	3	0	0	HAMBI_2659_chrm01_circ	CDS	1061283	1072187	+	10905	8316	6912	1279	125	2589	NA	NA	NA	NA	NA	NA	U	522373.Smlt1009	0	2989	COG3210@1|root,COG4625@1|root,COG3210@2|Bacteria,COG4625@2|Bacteria,1MU92@1224|Proteobacteria,1T1MJ@1236|Gammaproteobacteria,1X4X8@135614|Xanthomonadales	135614|Xanthomonadales	U	-	-	-	-	-	-	-	-	-	-	-	ESPR,PATR
HAMBI_2659	evo	evo	NA	NA	NA	hypothetical protein	15	H2659_01789	20.143574951624515	8.19256827847539	196	3	1	11.9230869862738	0	0	3	HAMBI_2659_chrm01_circ	CDS	1859335	1859571	+	237	196	153	40	3	41	NA	NA	NA	NA	NA	NA	NA	NA	NA	NA	NA	NA	NA	NA	NA	NA	NA	NA	NA	NA	NA	NA	NA	NA	NA
HAMBI_2659	evo	evo	P - Inorganic ion transport and metabolism	-	receptor	Vitamin B12 transporter BtuB	15	H2659_03614	33.84642881178094	8.19256827847539	2386	7	3	2.285341624080421	1	3	3	HAMBI_2659_chrm01_circ	CDS	3809259	3812216	-	2958	2386	1931	415	40	572	btuB_26	NA	NA	NA	NA	NA	P	522373.Smlt3645	0	1940	COG1629@1|root,COG1629@2|Bacteria,COG4771@2|Bacteria,1MU9K@1224|Proteobacteria,1RMTG@1236|Gammaproteobacteria,1X3YY@135614|Xanthomonadales	135614|Xanthomonadales	P	-	-	ko:K02014	-	-	-	-	ko00000,ko02000	1.B.14	-	-	Plug,TonB_dep_Rec
HAMBI_2659	evo	evo	U - Intracellular trafficking, secretion, and vesicular transport	-	Fimbrial protein	Major fimbrial subunit SMF-1	15	H2659_00656	56.87227974172139	8.19256827847539	430	12	3	21.73883766799688	1	6	5	HAMBI_2659_chrm01_circ	CDS	701730	702269	+	540	430	349	72	9	110	smf-1	COG:COG3539	NA	NA	NA	NA	U	391008.Smal_0561	1.38e-115	332	COG3539@1|root,COG3539@2|Bacteria,1RCBG@1224|Proteobacteria,1S38Y@1236|Gammaproteobacteria,1X6ZG@135614|Xanthomonadales	135614|Xanthomonadales	NU	-	-	ko:K07345	ko05133,map05133	-	-	-	ko00000,ko00001,ko02035,ko02044	-	-	-	FimA
