strainID	name	chrom	start	end	prediction_tool
HAMBI_0006	ISPsy14	HAMBI_0006_chrm01_circ	1654403	1656998	MGE_finder
HAMBI_0006	ISPpu13	HAMBI_0006_chrm01_circ	1657077	1659314	MGE_finder
HAMBI_0006	ISPst5	HAMBI_0006_chrm01_circ	966933	968123	MGE_finder
HAMBI_0006	ISPst7	HAMBI_0006_chrm01_circ	4352025	4353216	MGE_finder
HAMBI_0006	ISPst7	HAMBI_0006_chrm01_circ	3613385	3614576	MGE_finder
HAMBI_0006	ISPst7	HAMBI_0006_chrm01_circ	3431386	3432577	MGE_finder
HAMBI_0006	ISPst7	HAMBI_0006_chrm01_circ	3573766	3574957	MGE_finder
HAMBI_0006	ISPst7	HAMBI_0006_chrm01_circ	3575322	3576513	MGE_finder
HAMBI_0006	ISPst7	HAMBI_0006_chrm01_circ	4056406	4057597	MGE_finder
HAMBI_0006	ISPst7	HAMBI_0006_chrm01_circ	1601569	1602760	MGE_finder
HAMBI_0006	ISPen2	HAMBI_0006_chrm01_circ	4057633	4058864	MGE_finder
HAMBI_0006	ISPen2	HAMBI_0006_chrm01_circ	1801844	1803075	MGE_finder
HAMBI_0006	ISPsy5	HAMBI_0006_chrm01_circ	1664134	1666218	MGE_finder
HAMBI_0006	ISPsy5	HAMBI_0006_chrm01_circ	1661052	1663136	MGE_finder
HAMBI_0006	ISPsy45	HAMBI_0006_chrm01_circ	976666	977817	MGE_finder
HAMBI_0006	ISPsy45	HAMBI_0006_chrm01_circ	4301181	4302332	MGE_finder
HAMBI_0006	ISPs1	HAMBI_0006_chrm01_circ	2306216	2307112	MGE_finder
HAMBI_0006	cn_3792_ISPpu13	HAMBI_0006_chrm01_circ	1657076	1660868	MGE_finder
HAMBI_0006	cn_5268_ISPst5	HAMBI_0006_chrm01_circ	962855	968123	MGE_finder
HAMBI_0006	cn_2748_ISPst7	HAMBI_0006_chrm01_circ	3573765	3576513	MGE_finder
HAMBI_0006	cn_39255_ISPst7	HAMBI_0006_chrm01_circ	3575321	3614576	MGE_finder
HAMBI_0006	cn_22432_ISPst7	HAMBI_0006_chrm01_circ	4056405	4078837	MGE_finder
HAMBI_0006	cn_51929_ISPst7	HAMBI_0006_chrm01_circ	4301287	4353216	MGE_finder
HAMBI_0006	cn_3818_ISPsy5	HAMBI_0006_chrm01_circ	1659318	1663136	MGE_finder
HAMBI_0006	cn_3078_ISPsy5	HAMBI_0006_chrm01_circ	1661051	1664129	MGE_finder
HAMBI_0006	cn_2355_ISPsy5	HAMBI_0006_chrm01_circ	1663863	1666218	MGE_finder
HAMBI_0006	cn_10879_ISPsy45	HAMBI_0006_chrm01_circ	966938	977817	MGE_finder
HAMBI_0018	IS511	HAMBI_0018_chrm01_circ	2220578	2221846	MGE_finder
HAMBI_0018	IS511	HAMBI_0018_chrm01_circ	1762966	1764234	MGE_finder
HAMBI_0018	IS511	HAMBI_0018_chrm01_circ	2843757	2845025	MGE_finder
HAMBI_0018	ISSsp2	HAMBI_0018_chrm01_circ	1524351	1525883	MGE_finder
HAMBI_0018	ISSsp2	HAMBI_0018_chrm01_circ	204966	206498	MGE_finder
HAMBI_0018	ISSsp2	HAMBI_0018_chrm01_circ	608596	610128	MGE_finder
HAMBI_0018	ISSsp2	HAMBI_0018_chrm01_circ	2634637	2636169	MGE_finder
HAMBI_0018	ISSsp2	HAMBI_0018_chrm01_circ	2018874	2020406	MGE_finder
HAMBI_0018	ISSsp2	HAMBI_0018_chrm01_circ	1304193	1305725	MGE_finder
HAMBI_0018	ISSsp2	HAMBI_0018_chrm01_circ	2210174	2211706	MGE_finder
HAMBI_0018	ISSsp2	HAMBI_0018_chrm01_circ	2433699	2435231	MGE_finder
HAMBI_0018	ISSsp2	HAMBI_0018_chrm01_circ	2642108	2643640	MGE_finder
HAMBI_0018	ISSsp2	HAMBI_0018_chrm01_circ	3074216	3075748	MGE_finder
HAMBI_0018	ISRhsp4	HAMBI_0018_chrm01_circ	1767204	1768026	MGE_finder
HAMBI_0018	ISRhsp4	HAMBI_0018_chrm01_circ	2327339	2328161	MGE_finder
HAMBI_0018	ISRhsp4	HAMBI_0018_chrm01_circ	2561418	2562240	MGE_finder
HAMBI_0018	ISRhsp4	HAMBI_0018_chrm01_circ	2770050	2770872	MGE_finder
HAMBI_0018	ISRhsp4	HAMBI_0018_chrm01_circ	602103	602925	MGE_finder
HAMBI_0018	cn_9004_ISSsp2	HAMBI_0018_chrm01_circ	2634636	2643640	MGE_finder
HAMBI_0097	ISAba49	HAMBI_0097_chrm01_circ	1413348	1415880	MGE_finder
HAMBI_0097	ISAba49	HAMBI_0097_chrm01_circ	2896175	2898707	MGE_finder
HAMBI_0097	ISAba49	HAMBI_0097_chrm01_circ	3049470	3052002	MGE_finder
HAMBI_0097	ISAba49	HAMBI_0097_chrm01_circ	133456	135988	MGE_finder
HAMBI_0097	ISAcsp5	HAMBI_0097_chrm01_circ	1490636	1491922	MGE_finder
HAMBI_0097	ISAcsp5	HAMBI_0097_chrm01_circ	1884573	1885860	MGE_finder
HAMBI_0097	ISAba14	HAMBI_0097_chrm01_circ	2245644	2246925	MGE_finder
HAMBI_0097	ISAba14	HAMBI_0097_chrm01_circ	1943022	1944303	MGE_finder
HAMBI_0097	ISAba14	HAMBI_0097_chrm01_circ	2314366	2315647	MGE_finder
HAMBI_0097	ISAba1	HAMBI_0097_chrm01_circ	2479266	2480445	MGE_finder
HAMBI_0097	ISAba1	HAMBI_0097_chrm01_circ	1703222	1704401	MGE_finder
HAMBI_0097	ISAba1	HAMBI_0097_chrm01_circ	1818613	1819792	MGE_finder
HAMBI_0097	ISAba33	HAMBI_0097_chrm01_circ	2412177	2413335	MGE_finder
HAMBI_0097	ISAba33	HAMBI_0097_chrm01_circ	1118102	1119260	MGE_finder
HAMBI_0097	ISAba33	HAMBI_0097_chrm01_circ	1974264	1975422	MGE_finder
HAMBI_0097	ISAba33	HAMBI_0097_chrm01_circ	56739	57897	MGE_finder
HAMBI_0097	ISAba33	HAMBI_0097_chrm01_circ	1741236	1742394	MGE_finder
HAMBI_0097	ISAba33	HAMBI_0097_chrm01_circ	717169	718327	MGE_finder
HAMBI_0097	ISAba33	HAMBI_0097_chrm01_circ	2192594	2193753	MGE_finder
HAMBI_0097	ISAba33	HAMBI_0097_chrm01_circ	3275172	3276331	MGE_finder
HAMBI_0097	ISAba33	HAMBI_0097_chrm01_circ	2531077	2532236	MGE_finder
HAMBI_0097	ISAba125	HAMBI_0097_chrm01_circ	1699981	1701068	MGE_finder
HAMBI_0097	ISAba125	HAMBI_0097_chrm01_circ	571918	573004	MGE_finder
HAMBI_0097	ISAba125	HAMBI_0097_chrm01_circ	13384	14470	MGE_finder
HAMBI_0097	ISAba125	HAMBI_0097_chrm01_circ	1782081	1783167	MGE_finder
HAMBI_0097	ISAba125	HAMBI_0097_chrm01_circ	2610056	2611142	MGE_finder
HAMBI_0097	ISAba125	HAMBI_0097_chrm01_circ	1664276	1665362	MGE_finder
HAMBI_0097	ISAba125	HAMBI_0097_chrm01_circ	2359045	2360131	MGE_finder
HAMBI_0097	ISAba125	HAMBI_0097_chrm01_circ	796663	797749	MGE_finder
HAMBI_0097	ISAba125	HAMBI_0097_chrm01_circ	2922613	2923699	MGE_finder
HAMBI_0097	ISAba125	HAMBI_0097_chrm01_circ	840937	841930	MGE_finder
HAMBI_0097	ISAba11	HAMBI_0097_chrm01_circ	92217	93317	MGE_finder
HAMBI_0097	ISAba11	HAMBI_0097_chrm01_circ	622763	623863	MGE_finder
HAMBI_0097	ISAba11	HAMBI_0097_chrm01_circ	645415	646515	MGE_finder
HAMBI_0097	ISAba11	HAMBI_0097_chrm01_circ	2263266	2264366	MGE_finder
HAMBI_0097	ISAba11	HAMBI_0097_chrm01_circ	1676282	1677381	MGE_finder
HAMBI_0097	ISAba11	HAMBI_0097_chrm01_circ	624734	625724	MGE_finder
HAMBI_0097	ISAba11	HAMBI_0097_chrm01_circ	660839	661935	MGE_finder
HAMBI_0097	ISAba18	HAMBI_0097_chrm01_circ	2249536	2250844	MGE_finder
HAMBI_0097	ISAba34	HAMBI_0097_chrm01_circ	2514437	2515707	MGE_finder
HAMBI_0097	IS18	HAMBI_0097_chrm01_circ	1015097	1016170	MGE_finder
HAMBI_0097	IS18	HAMBI_0097_chrm01_circ	2946271	2947344	MGE_finder
HAMBI_0097	IS18	HAMBI_0097_chrm01_circ	2548902	2549975	MGE_finder
HAMBI_0097	IS18	HAMBI_0097_chrm01_circ	2510752	2511825	MGE_finder
HAMBI_0097	IS17	HAMBI_0097_chrm01_circ	2545122	2546161	MGE_finder
HAMBI_0097	IS17	HAMBI_0097_chrm01_circ	2522997	2524035	MGE_finder
HAMBI_0097	IS17	HAMBI_0097_chrm01_circ	2565899	2566937	MGE_finder
HAMBI_0097	IS17	HAMBI_0097_chrm01_circ	2346657	2347695	MGE_finder
HAMBI_0097	IS17	HAMBI_0097_chrm01_circ	1080881	1081918	MGE_finder
HAMBI_0097	IS17	HAMBI_0097_chrm01_circ	2011991	2013029	MGE_finder
HAMBI_0097	IS17	HAMBI_0097_chrm01_circ	3189906	3190943	MGE_finder
HAMBI_0097	IS17	HAMBI_0097_chrm01_circ	1495671	1496709	MGE_finder
HAMBI_0097	IS17	HAMBI_0097_chrm01_circ	2424627	2425665	MGE_finder
HAMBI_0097	ISAba31	HAMBI_0097_chrm01_circ	2904706	2905563	MGE_finder
HAMBI_0097	ISAba31	HAMBI_0097_chrm01_circ	494438	495295	MGE_finder
HAMBI_0097	ISAba27	HAMBI_0097_chrm01_circ	1599595	1600477	MGE_finder
HAMBI_0097	ISAba27	HAMBI_0097_chrm01_circ	2631751	2632633	MGE_finder
HAMBI_0097	ISAba27	HAMBI_0097_chrm01_circ	844159	845041	MGE_finder
HAMBI_0097	ISAba27	HAMBI_0097_chrm01_circ	1595260	1596142	MGE_finder
HAMBI_0097	ISAba27	HAMBI_0097_chrm01_circ	1498487	1499369	MGE_finder
HAMBI_0097	ISAba27	HAMBI_0097_chrm01_circ	1949388	1950270	MGE_finder
HAMBI_0097	ISAba27	HAMBI_0097_chrm01_circ	2248340	2249218	MGE_finder
HAMBI_0097	ISAba36	HAMBI_0097_chrm01_circ	1282658	1283369	MGE_finder
HAMBI_0097	ISAba36	HAMBI_0097_chrm01_circ	1601749	1602460	MGE_finder
HAMBI_0097	ISAba36	HAMBI_0097_chrm01_circ	1789895	1790606	MGE_finder
HAMBI_0097	ISAba36	HAMBI_0097_chrm01_circ	1137770	1138481	MGE_finder
HAMBI_0097	ISAba825	HAMBI_0097_chrm01_circ	1944514	1945487	MGE_finder
HAMBI_0097	ISAba825	HAMBI_0097_chrm01_circ	2394489	2395462	MGE_finder
HAMBI_0097	ISPssp2	HAMBI_0097_chrm01_circ	798513	799257	MGE_finder
HAMBI_0097	ISPssp2	HAMBI_0097_chrm01_circ	1372933	1373677	MGE_finder
HAMBI_0097	ISPssp2	HAMBI_0097_chrm01_circ	393697	394441	MGE_finder
HAMBI_0097	ISPssp2	HAMBI_0097_chrm01_circ	3047697	3048441	MGE_finder
HAMBI_0097	ISPssp2	HAMBI_0097_chrm01_circ	686231	686975	MGE_finder
HAMBI_0097	ISPssp2	HAMBI_0097_chrm01_circ	790738	791482	MGE_finder
HAMBI_0097	ISPssp2	HAMBI_0097_chrm01_circ	1052590	1053334	MGE_finder
HAMBI_0097	ISPssp2	HAMBI_0097_chrm01_circ	1053386	1054130	MGE_finder
HAMBI_0097	ISPssp2	HAMBI_0097_chrm01_circ	1526951	1527695	MGE_finder
HAMBI_0097	ISPssp2	HAMBI_0097_chrm01_circ	1869224	1869968	MGE_finder
HAMBI_0097	ISPssp2	HAMBI_0097_chrm01_circ	2120808	2121552	MGE_finder
HAMBI_0097	ISPssp2	HAMBI_0097_chrm01_circ	1054796	1055540	MGE_finder
HAMBI_0097	ISPssp2	HAMBI_0097_chrm01_circ	841974	842718	MGE_finder
HAMBI_0097	ISAba21	HAMBI_0097_plas01_circ	77005	78278	MGE_finder
HAMBI_0097	ISAba22	HAMBI_0097_plas01_circ	98187	99460	MGE_finder
HAMBI_0097	ISAcsp5	HAMBI_0097_plas01_circ	19330	20617	MGE_finder
HAMBI_0097	ISAcsp5	HAMBI_0097_plas01_circ	100984	102271	MGE_finder
HAMBI_0097	ISAba14	HAMBI_0097_plas01_circ	88237	89518	MGE_finder
HAMBI_0097	ISAba14	HAMBI_0097_plas01_circ	24032	25313	MGE_finder
HAMBI_0097	ISAba1	HAMBI_0097_plas01_circ	93382	94561	MGE_finder
HAMBI_0097	ISAba33	HAMBI_0097_plas01_circ	106772	107930	MGE_finder
HAMBI_0097	IS17	HAMBI_0097_plas01_circ	40658	41705	MGE_finder
HAMBI_0097	IS17	HAMBI_0097_plas01_circ	35085	36123	MGE_finder
HAMBI_0097	ISAba13	HAMBI_0097_plas01_circ	123976	125021	MGE_finder
HAMBI_0097	IS1006	HAMBI_0097_plas01_circ	53243	54061	MGE_finder
HAMBI_0097	IS1006	HAMBI_0097_plas01_circ	59452	60270	MGE_finder
HAMBI_0097	IS1006	HAMBI_0097_plas01_circ	78375	79193	MGE_finder
HAMBI_0097	ISAba27	HAMBI_0097_plas01_circ	10195	11077	MGE_finder
HAMBI_0097	ISAcra1	HAMBI_0097_plas01_circ	45418	46149	MGE_finder
HAMBI_0097	IS18	HAMBI_0097_plas01_circ	90397	91467	MGE_finder
HAMBI_0097	cn_39173_ISAba1	HAMBI_0097_chrm01_circ	1703221	1742394	MGE_finder
HAMBI_0097	cn_39173_ISAba33	HAMBI_0097_chrm01_circ	1703221	1742394	MGE_finder
HAMBI_0097	cn_45268_ISAba125	HAMBI_0097_chrm01_circ	796662	841930	MGE_finder
HAMBI_0097	cn_1883_ISAba125	HAMBI_0097_chrm01_circ	840936	842819	MGE_finder
HAMBI_0097	cn_36793_ISAba125	HAMBI_0097_chrm01_circ	1664275	1701068	MGE_finder
HAMBI_0097	cn_2962_ISAba11	HAMBI_0097_chrm01_circ	622762	625724	MGE_finder
HAMBI_0097	cn_1425_ISAba11	HAMBI_0097_chrm01_circ	624733	626158	MGE_finder
HAMBI_0097	cn_20476_ISAba11	HAMBI_0097_chrm01_circ	626039	646515	MGE_finder
HAMBI_0097	cn_16521_ISAba11	HAMBI_0097_chrm01_circ	645414	661935	MGE_finder
HAMBI_0097	cn_4287_ISAba11	HAMBI_0097_chrm01_circ	660838	665125	MGE_finder
HAMBI_0097	cn_39401_ISAba34	HAMBI_0097_chrm01_circ	2514436	2553837	MGE_finder
HAMBI_0097	cn_39224_IS18	HAMBI_0097_chrm01_circ	2510751	2549975	MGE_finder
HAMBI_0097	cn_8939_IS18	HAMBI_0097_chrm01_circ	2548901	2557840	MGE_finder
HAMBI_0097	cn_13480_IS17	HAMBI_0097_chrm01_circ	1495670	1509150	MGE_finder
HAMBI_0097	cn_23165_IS17	HAMBI_0097_chrm01_circ	2522996	2546161	MGE_finder
HAMBI_0097	cn_20609_IS17	HAMBI_0097_chrm01_circ	2545121	2565730	MGE_finder
HAMBI_0097	cn_1711_IS17	HAMBI_0097_chrm01_circ	2565226	2566937	MGE_finder
HAMBI_0097	cn_5218_ISAba27	HAMBI_0097_chrm01_circ	1595259	1600477	MGE_finder
HAMBI_0097	cn_8520_ISPssp2	HAMBI_0097_chrm01_circ	790737	799257	MGE_finder
HAMBI_0097	cn_44206_ISPssp2	HAMBI_0097_chrm01_circ	798512	842718	MGE_finder
HAMBI_0097	cn_1541_ISPssp2	HAMBI_0097_chrm01_circ	1052589	1054130	MGE_finder
HAMBI_0097	cn_2155_ISPssp2	HAMBI_0097_chrm01_circ	1053385	1055540	MGE_finder
HAMBI_0097	cn_35054_ISAba21	HAMBI_0097_plas01_circ	43224	78278	MGE_finder
HAMBI_0097	cn_22456_ISAba21	HAMBI_0097_plas01_circ	77004	99460	MGE_finder
HAMBI_0097	cn_22456_ISAba22	HAMBI_0097_plas01_circ	77004	99460	MGE_finder
HAMBI_0097	cn_9131_ISAcsp5	HAMBI_0097_plas01_circ	100983	110114	MGE_finder
HAMBI_0097	cn_14549_ISAba1	HAMBI_0097_plas01_circ	93381	107930	MGE_finder
HAMBI_0097	cn_14549_ISAba33	HAMBI_0097_plas01_circ	93381	107930	MGE_finder
HAMBI_0097	cn_6621_IS17	HAMBI_0097_plas01_circ	35084	41705	MGE_finder
HAMBI_0097	cn_24601_ISAba13	HAMBI_0097_plas01_circ	100420	125021	MGE_finder
HAMBI_0097	cn_4366_IS1006	HAMBI_0097_plas01_circ	53242	57608	MGE_finder
HAMBI_0097	cn_1450_IS1006	HAMBI_0097_plas01_circ	58820	60270	MGE_finder
HAMBI_0097	cn_19742_IS1006	HAMBI_0097_plas01_circ	59451	79193	MGE_finder
HAMBI_0103	ISMch1	HAMBI_0103_chrm01_circ	821566	822860	MGE_finder
HAMBI_0103	Tn6271	HAMBI_0103_plas02_circ	209520	213163	MGE_finder
HAMBI_0103	Tn6137	HAMBI_0103_plas02_circ	184318	188014	MGE_finder
HAMBI_0103	ISPye59	HAMBI_0103_plas02_circ	242687	243845	MGE_finder
HAMBI_0103	ISPye59	HAMBI_0103_plas02_circ	45176	46334	MGE_finder
HAMBI_0105	ISRel21	HAMBI_0105_chrm02_linr	2050460	2051625	MGE_finder
HAMBI_0105	IS426	HAMBI_0105_plas01_circ	279746	281051	MGE_finder
HAMBI_0105	ISRel21	HAMBI_0105_plas01_circ	95293	96458	MGE_finder
HAMBI_0262	IS511	HAMBI_0262_chrm01_circ	450827	452095	MGE_finder
HAMBI_0262	IS511	HAMBI_0262_chrm01_circ	2505744	2507012	MGE_finder
HAMBI_0262	IS511	HAMBI_0262_chrm01_circ	3312005	3313273	MGE_finder
HAMBI_0262	IS511	HAMBI_0262_chrm01_circ	1707413	1708681	MGE_finder
HAMBI_0262	IS511	HAMBI_0262_chrm01_circ	1532965	1534233	MGE_finder
HAMBI_0262	IS511	HAMBI_0262_chrm01_circ	1841177	1842445	MGE_finder
HAMBI_0262	IS511	HAMBI_0262_chrm01_circ	2282427	2283695	MGE_finder
HAMBI_0262	IS511	HAMBI_0262_chrm01_circ	10721	11989	MGE_finder
HAMBI_0262	IS511	HAMBI_0262_chrm01_circ	3103598	3104866	MGE_finder
HAMBI_0262	IS511	HAMBI_0262_chrm01_circ	431533	432744	MGE_finder
HAMBI_0262	ISRle5	HAMBI_0262_chrm01_circ	834611	835795	MGE_finder
HAMBI_0262	ISRle5	HAMBI_0262_chrm01_circ	430306	431490	MGE_finder
HAMBI_0262	ISRtr2	HAMBI_0262_chrm01_circ	8206	9526	MGE_finder
HAMBI_0262	ISRtr2	HAMBI_0262_chrm01_circ	131657	132977	MGE_finder
HAMBI_0262	ISRhsp4	HAMBI_0262_chrm01_circ	2682919	2683741	MGE_finder
HAMBI_0262	ISRhsp4	HAMBI_0262_chrm01_circ	1149654	1150476	MGE_finder
HAMBI_0262	ISRhsp4	HAMBI_0262_chrm01_circ	2230658	2231480	MGE_finder
HAMBI_0262	ISPak1	HAMBI_0262_chrm01_circ	1842936	1843754	MGE_finder
HAMBI_0262	cn_20563_IS511	HAMBI_0262_chrm01_circ	431532	452095	MGE_finder
HAMBI_0403	Tn6196	HAMBI_0403_chrm01_circ	2882002	2885633	MGE_finder
HAMBI_0403	IS1001	HAMBI_0403_chrm01_circ	2623343	2624554	MGE_finder
HAMBI_0403	IS1001	HAMBI_0403_chrm01_circ	2614200	2615423	MGE_finder
HAMBI_0403	IS1001	HAMBI_0403_chrm01_circ	3851617	3852840	MGE_finder
HAMBI_0403	IS1001	HAMBI_0403_chrm01_circ	5181060	5182283	MGE_finder
HAMBI_0403	IS1001	HAMBI_0403_chrm01_circ	1689391	1690614	MGE_finder
HAMBI_0403	ISPa56	HAMBI_0403_chrm01_circ	2526838	2528117	MGE_finder
HAMBI_0403	ISRel12	HAMBI_0403_chrm01_circ	669461	670501	MGE_finder
HAMBI_0403	cn_10355_IS1001	HAMBI_0403_chrm01_circ	2614199	2624554	MGE_finder
HAMBI_1279	ISEhe3	HAMBI_1279_chrm01_circ	624184	625392	MGE_finder
HAMBI_1279	ISSen3	HAMBI_1279_chrm01_circ	3210090	3212044	MGE_finder
HAMBI_1279	ISKpn14	HAMBI_1279_chrm01_circ	4041486	4042253	MGE_finder
HAMBI_1279	ISKpn14	HAMBI_1279_chrm01_circ	4543644	4544411	MGE_finder
HAMBI_1279	MITEYpe1	HAMBI_1279_chrm01_circ	666598	666720	MGE_finder
HAMBI_1279	MITEYpe1	HAMBI_1279_chrm01_circ	3924743	3924865	MGE_finder
HAMBI_1279	MITEYpe1	HAMBI_1279_chrm01_circ	2527	2649	MGE_finder
HAMBI_1279	MITEYpe1	HAMBI_1279_chrm01_circ	2798779	2798901	MGE_finder
HAMBI_1279	MITEYpe1	HAMBI_1279_chrm01_circ	3023873	3023995	MGE_finder
HAMBI_1279	MITEYpe1	HAMBI_1279_chrm01_circ	2006556	2006679	MGE_finder
HAMBI_1279	MITEYpe1	HAMBI_1279_chrm01_circ	1605383	1605505	MGE_finder
HAMBI_1279	MITEYpe1	HAMBI_1279_chrm01_circ	3864524	3864646	MGE_finder
HAMBI_1279	MITEYpe1	HAMBI_1279_chrm01_circ	4131499	4131620	MGE_finder
HAMBI_1279	MITEYpe1	HAMBI_1279_chrm01_circ	1472219	1472336	MGE_finder
HAMBI_1279	MITEYpe1	HAMBI_1279_chrm01_circ	2171523	2171639	MGE_finder
HAMBI_1279	MITEYpe1	HAMBI_1279_chrm01_circ	4243783	4243895	MGE_finder
HAMBI_1279	MITEYpe1	HAMBI_1279_chrm01_circ	3722721	3722837	MGE_finder
HAMBI_1279	MITEYpe1	HAMBI_1279_chrm01_circ	1582293	1582409	MGE_finder
HAMBI_1279	MITEYpe1	HAMBI_1279_chrm01_circ	11237	11353	MGE_finder
HAMBI_1279	MITEYpe1	HAMBI_1279_chrm01_circ	677391	677507	MGE_finder
HAMBI_1279	MITEYpe1	HAMBI_1279_chrm01_circ	2856074	2856188	MGE_finder
HAMBI_1279	MITEYpe1	HAMBI_1279_chrm01_circ	1334615	1334729	MGE_finder
HAMBI_1279	MITEYpe1	HAMBI_1279_chrm01_circ	2855951	2856064	MGE_finder
HAMBI_1279	MITEEc1	HAMBI_1279_chrm01_circ	494991	495107	MGE_finder
HAMBI_1279	MITEEc1	HAMBI_1279_chrm01_circ	1357106	1357220	MGE_finder
HAMBI_1279	ISSba14	HAMBI_1279_plas01_circ	147106	150727	MGE_finder
HAMBI_1279	ISEcl1	HAMBI_1279_plas01_circ	53847	55182	MGE_finder
HAMBI_1279	ISSen7	HAMBI_1279_plas01_circ	102449	103664	MGE_finder
HAMBI_1279	ISRor2	HAMBI_1279_plas01_circ	42903	43861	MGE_finder
HAMBI_1279	ISKpn14	HAMBI_1279_plas01_circ	55806	56573	MGE_finder
HAMBI_1279	ISKpn14	HAMBI_1279_plas01_circ	76719	77486	MGE_finder
HAMBI_1279	ISKpn14	HAMBI_1279_plas01_circ	28076	28843	MGE_finder
HAMBI_1279	ISKpn14	HAMBI_1279_plas01_circ	89589	90356	MGE_finder
HAMBI_1279	ISKpn14	HAMBI_1279_plas01_circ	7409	8176	MGE_finder
HAMBI_1279	ISKpn14	HAMBI_1279_plas01_circ	30345	31112	MGE_finder
HAMBI_1279	ISKpn14	HAMBI_1279_plas01_circ	13169	13936	MGE_finder
HAMBI_1279	ISKpn14	HAMBI_1279_plas01_circ	95632	96399	MGE_finder
HAMBI_1279	cn_40046_ISRor2	HAMBI_1279_plas01_circ	3815	43861	MGE_finder
HAMBI_1279	cn_6528_ISKpn14	HAMBI_1279_plas01_circ	7408	13936	MGE_finder
HAMBI_1279	cn_15675_ISKpn14	HAMBI_1279_plas01_circ	13168	28843	MGE_finder
HAMBI_1279	cn_3037_ISKpn14	HAMBI_1279_plas01_circ	28075	31112	MGE_finder
HAMBI_1279	cn_26229_ISKpn14	HAMBI_1279_plas01_circ	30344	56573	MGE_finder
HAMBI_1279	cn_21681_ISKpn14	HAMBI_1279_plas01_circ	55805	77486	MGE_finder
HAMBI_1279	cn_13638_ISKpn14	HAMBI_1279_plas01_circ	76718	90356	MGE_finder
HAMBI_1279	cn_6811_ISKpn14	HAMBI_1279_plas01_circ	89588	96399	MGE_finder
HAMBI_1287	ISVsa5	HAMBI_1287_chrm01_circ	4115233	4116561	MGE_finder
HAMBI_1287	ISVsa5	HAMBI_1287_chrm01_circ	1109049	1110377	MGE_finder
HAMBI_1287	ISVsa5	HAMBI_1287_chrm01_circ	1798697	1800025	MGE_finder
HAMBI_1287	ISVsa5	HAMBI_1287_chrm01_circ	1853027	1854355	MGE_finder
HAMBI_1287	ISVsa5	HAMBI_1287_chrm01_circ	2392215	2393543	MGE_finder
HAMBI_1287	ISVsa5	HAMBI_1287_chrm01_circ	930181	931509	MGE_finder
HAMBI_1287	ISVsa5	HAMBI_1287_chrm01_circ	267526	268854	MGE_finder
HAMBI_1287	MITEYpe1	HAMBI_1287_chrm01_circ	4249076	4249198	MGE_finder
HAMBI_1287	MITEYpe1	HAMBI_1287_chrm01_circ	2056816	2056938	MGE_finder
HAMBI_1287	MITEYpe1	HAMBI_1287_chrm01_circ	3693721	3693841	MGE_finder
HAMBI_1287	MITEYpe1	HAMBI_1287_chrm01_circ	4464447	4464566	MGE_finder
HAMBI_1287	MITEPlu5	HAMBI_1287_chrm01_circ	964243	964353	MGE_finder
HAMBI_1287	MITEPlu5	HAMBI_1287_chrm01_circ	4158573	4158683	MGE_finder
HAMBI_1287	Tn6082	HAMBI_1287_plas01_circ	3732	7365	MGE_finder
HAMBI_1287	ISVsa5	HAMBI_1287_plas01_circ	14632	15960	MGE_finder
HAMBI_1287	ISVsa5	HAMBI_1287_plas01_circ	8018	9346	MGE_finder
HAMBI_1287	cn_7943_ISVsa5	HAMBI_1287_plas01_circ	8017	15960	MGE_finder
HAMBI_1299	Tn6196	HAMBI_1299_chrm01_circ	1189894	1193540	MGE_finder
HAMBI_1299	ISKpn24	HAMBI_1299_chrm01_circ	1198941	1201394	MGE_finder
HAMBI_1299	ISEsa2	HAMBI_1299_chrm01_circ	1243854	1245346	MGE_finder
HAMBI_1299	ISEsa2	HAMBI_1299_chrm01_circ	3119161	3120653	MGE_finder
HAMBI_1299	ISCfr26	HAMBI_1299_chrm01_circ	4184225	4185589	MGE_finder
HAMBI_1299	ISEhe3	HAMBI_1299_chrm01_circ	259919	261147	MGE_finder
HAMBI_1299	ISEhe3	HAMBI_1299_chrm01_circ	2285677	2286905	MGE_finder
HAMBI_1299	ISEhe3	HAMBI_1299_chrm01_circ	4442684	4443912	MGE_finder
HAMBI_1299	IS5075	HAMBI_1299_chrm01_circ	283444	284770	MGE_finder
HAMBI_1299	IS5075	HAMBI_1299_chrm01_circ	1255465	1256791	MGE_finder
HAMBI_1299	IS5075	HAMBI_1299_chrm01_circ	1188567	1189893	MGE_finder
HAMBI_1299	IS5075	HAMBI_1299_chrm01_circ	273449	274775	MGE_finder
HAMBI_1299	IS4	HAMBI_1299_chrm01_circ	4163180	4164517	MGE_finder
HAMBI_1299	IS26	HAMBI_1299_chrm01_circ	1182564	1183383	MGE_finder
HAMBI_1299	IS26	HAMBI_1299_chrm01_circ	1262563	1263382	MGE_finder
HAMBI_1299	IS26	HAMBI_1299_chrm01_circ	257734	258553	MGE_finder
HAMBI_1299	IS26	HAMBI_1299_chrm01_circ	262649	263468	MGE_finder
HAMBI_1299	ISKpn14	HAMBI_1299_chrm01_circ	1242094	1242861	MGE_finder
HAMBI_1299	ISKpn14	HAMBI_1299_chrm01_circ	1484763	1485530	MGE_finder
HAMBI_1299	ISKpn14	HAMBI_1299_chrm01_circ	1738822	1739589	MGE_finder
HAMBI_1299	ISKpn14	HAMBI_1299_chrm01_circ	2169066	2169833	MGE_finder
HAMBI_1299	ISKpn14	HAMBI_1299_chrm01_circ	2284818	2285585	MGE_finder
HAMBI_1299	ISKpn14	HAMBI_1299_chrm01_circ	2219878	2220645	MGE_finder
HAMBI_1299	ISKpn14	HAMBI_1299_chrm01_circ	1155924	1156691	MGE_finder
HAMBI_1299	ISKpn14	HAMBI_1299_chrm01_circ	3682112	3682879	MGE_finder
HAMBI_1299	ISKpn14	HAMBI_1299_chrm01_circ	4404007	4404774	MGE_finder
HAMBI_1299	ISKpn14	HAMBI_1299_chrm01_circ	2900388	2901155	MGE_finder
HAMBI_1299	ISKpn14	HAMBI_1299_chrm01_circ	1818802	1819569	MGE_finder
HAMBI_1299	ISKpn14	HAMBI_1299_chrm01_circ	2993313	2994080	MGE_finder
HAMBI_1299	ISKpn14	HAMBI_1299_chrm01_circ	81538	82305	MGE_finder
HAMBI_1299	ISKpn14	HAMBI_1299_chrm01_circ	322186	322953	MGE_finder
HAMBI_1299	ISKpn14	HAMBI_1299_chrm01_circ	4111401	4112168	MGE_finder
HAMBI_1299	ISKpn14	HAMBI_1299_chrm01_circ	2686574	2687341	MGE_finder
HAMBI_1299	ISKpn14	HAMBI_1299_chrm01_circ	282263	283030	MGE_finder
HAMBI_1299	ISKpn14	HAMBI_1299_chrm01_circ	1211919	1212686	MGE_finder
HAMBI_1299	ISKpn14	HAMBI_1299_chrm01_circ	1205588	1206355	MGE_finder
HAMBI_1299	ISKpn14	HAMBI_1299_chrm01_circ	1257087	1257818	MGE_finder
HAMBI_1299	ISEcl10	HAMBI_1299_chrm01_circ	4119663	4120807	MGE_finder
HAMBI_1299	MITEYpe1	HAMBI_1299_chrm01_circ	4030092	4030213	MGE_finder
HAMBI_1299	MITEYpe1	HAMBI_1299_chrm01_circ	4413919	4414035	MGE_finder
HAMBI_1299	MITEYpe1	HAMBI_1299_chrm01_circ	3950993	3951115	MGE_finder
HAMBI_1299	MITEYpe1	HAMBI_1299_chrm01_circ	4226761	4226883	MGE_finder
HAMBI_1299	MITEEc1	HAMBI_1299_chrm01_circ	1333995	1334110	MGE_finder
HAMBI_1299	MITEYpe1	HAMBI_1299_chrm01_circ	759108	759223	MGE_finder
HAMBI_1299	MITEYpe1	HAMBI_1299_chrm01_circ	4401249	4401370	MGE_finder
HAMBI_1299	MITEYpe1	HAMBI_1299_chrm01_circ	9986	10099	MGE_finder
HAMBI_1299	MITEYpe1	HAMBI_1299_chrm01_circ	1338787	1338897	MGE_finder
HAMBI_1299	MITEPlu5	HAMBI_1299_chrm01_circ	556734	556844	MGE_finder
HAMBI_1299	cn_11322_IS5075	HAMBI_1299_chrm01_circ	273448	284770	MGE_finder
HAMBI_1299	cn_50146_IS5075	HAMBI_1299_chrm01_circ	1188566	1238712	MGE_finder
HAMBI_1299	cn_19126_IS5075	HAMBI_1299_chrm01_circ	1237665	1256791	MGE_finder
HAMBI_1299	cn_23569_IS4	HAMBI_1299_chrm01_circ	4163179	4186748	MGE_finder
HAMBI_1299	cn_5735_IS26	HAMBI_1299_chrm01_circ	257733	263468	MGE_finder
HAMBI_1299	cn_26116_IS26	HAMBI_1299_chrm01_circ	1237266	1263382	MGE_finder
HAMBI_1299	cn_40691_ISKpn14	HAMBI_1299_chrm01_circ	282262	322953	MGE_finder
HAMBI_1299	cn_50432_ISKpn14	HAMBI_1299_chrm01_circ	1155923	1206355	MGE_finder
HAMBI_1299	cn_7099_ISKpn14	HAMBI_1299_chrm01_circ	1205587	1212686	MGE_finder
HAMBI_1299	cn_30943_ISKpn14	HAMBI_1299_chrm01_circ	1211918	1242861	MGE_finder
HAMBI_1299	cn_15725_ISKpn14	HAMBI_1299_chrm01_circ	1242093	1257818	MGE_finder
HAMBI_1299	cn_51580_ISKpn14	HAMBI_1299_chrm01_circ	2169065	2220645	MGE_finder
HAMBI_1842	ISShsp1	HAMBI_1842_chrm01_circ	932460	933863	MGE_finder
HAMBI_1842	ISSpma1	HAMBI_1842_chrm01_circ	1988224	1989498	MGE_finder
HAMBI_1842	ISSpma1	HAMBI_1842_chrm01_circ	1281561	1282835	MGE_finder
HAMBI_1842	ISSpma1	HAMBI_1842_chrm01_circ	152324	153598	MGE_finder
HAMBI_1842	ISSpma1	HAMBI_1842_chrm01_circ	2634980	2636254	MGE_finder
HAMBI_1842	ISSsp2	HAMBI_1842_chrm01_circ	208786	210308	MGE_finder
HAMBI_1842	ISSsp2	HAMBI_1842_chrm01_circ	3844162	3845684	MGE_finder
HAMBI_1842	ISSp1	HAMBI_1842_chrm01_circ	2009961	2011486	MGE_finder
HAMBI_1842	ISRel16	HAMBI_1842_chrm01_circ	1861819	1864422	MGE_finder
HAMBI_1842	ISRtr2	HAMBI_1842_chrm01_circ	1823266	1824586	MGE_finder
HAMBI_1842	IS868	HAMBI_1842_plas01_circ	16526	17846	MGE_finder
HAMBI_1842	Tn6274	HAMBI_1842_plas02_circ	64093	68690	MGE_finder
HAMBI_1842	Tn6275	HAMBI_1842_plas02_circ	45335	49072	MGE_finder
HAMBI_1842	Tn6274	HAMBI_1842_plas03_circ	21915	26512	MGE_finder
HAMBI_1919	ISPsy24	HAMBI_1919_plas01_circ	301084	302318	MGE_finder
HAMBI_1919	ISPsy24	HAMBI_1919_plas01_circ	343682	344859	MGE_finder
HAMBI_1919	cn_43776_ISPsy24	HAMBI_1919_plas01_circ	301083	344859	MGE_finder
HAMBI_1972	ISAs7	HAMBI_1972_chrm01_circ	1122214	1123445	MGE_finder
HAMBI_1972	ISAs7	HAMBI_1972_chrm01_circ	729677	730908	MGE_finder
HAMBI_1972	ISAs7	HAMBI_1972_chrm01_circ	1707428	1708659	MGE_finder
HAMBI_1972	ISAs7	HAMBI_1972_chrm01_circ	2671465	2672696	MGE_finder
HAMBI_1972	ISAs7	HAMBI_1972_chrm01_circ	4061609	4062840	MGE_finder
HAMBI_1972	ISAs7	HAMBI_1972_chrm01_circ	360546	361777	MGE_finder
HAMBI_1972	ISAs7	HAMBI_1972_chrm01_circ	2602111	2603339	MGE_finder
HAMBI_1972	ISAs19	HAMBI_1972_chrm01_circ	1705632	1706829	MGE_finder
HAMBI_1972	ISAs19	HAMBI_1972_chrm01_circ	1715309	1716506	MGE_finder
HAMBI_1972	ISAs19	HAMBI_1972_chrm01_circ	358482	359679	MGE_finder
HAMBI_1972	ISAs19	HAMBI_1972_chrm01_circ	739834	741031	MGE_finder
HAMBI_1972	ISAs19	HAMBI_1972_chrm01_circ	2536977	2538174	MGE_finder
HAMBI_1972	ISAs23	HAMBI_1972_chrm01_circ	3719779	3720810	MGE_finder
HAMBI_1972	ISAhy1	HAMBI_1972_chrm01_circ	4444511	4445542	MGE_finder
HAMBI_1972	ISAhy1	HAMBI_1972_chrm01_circ	345343	346374	MGE_finder
HAMBI_1972	ISAhy1	HAMBI_1972_chrm01_circ	2137080	2138111	MGE_finder
HAMBI_1972	ISAhy1	HAMBI_1972_chrm01_circ	2448010	2449041	MGE_finder
HAMBI_1972	ISAhy1	HAMBI_1972_chrm01_circ	1410671	1411702	MGE_finder
HAMBI_1972	ISAhy1	HAMBI_1972_chrm01_circ	1302223	1303254	MGE_finder
HAMBI_1972	ISPen2	HAMBI_1972_chrm01_circ	3626260	3627513	MGE_finder
HAMBI_1972	cn_10875_ISAs19	HAMBI_1972_chrm01_circ	1705631	1716506	MGE_finder
HAMBI_1977	ISAzvi4	HAMBI_1977_chrm01_circ	4290741	4292095	MGE_finder
HAMBI_1977	ISAzvi4	HAMBI_1977_chrm01_circ	2348589	2349943	MGE_finder
HAMBI_1977	ISAzvi4	HAMBI_1977_chrm01_circ	744002	745357	MGE_finder
HAMBI_2159	IS407	HAMBI_2159_chrm01_circ	3135015	3136250	MGE_finder
HAMBI_2159	IS407	HAMBI_2159_chrm01_circ	4173734	4174969	MGE_finder
HAMBI_2159	IS407	HAMBI_2159_chrm02_circ	763	1996	MGE_finder
HAMBI_2159	IS407	HAMBI_2159_chrm02_circ	1207239	1208474	MGE_finder
HAMBI_2159	IS407	HAMBI_2159_chrm02_circ	810001	811236	MGE_finder
HAMBI_2159	IS407	HAMBI_2159_chrm02_circ	1285593	1286828	MGE_finder
HAMBI_2159	cn_10990_IS407	HAMBI_2159_chrm02_circ	800246	811236	MGE_finder
HAMBI_2164	Tn4380	HAMBI_2164_chrm01_circ	1744945	1753174	MGE_finder
HAMBI_2164	ISRme1	HAMBI_2164_chrm01_circ	2945231	2946561	MGE_finder
HAMBI_2164	ISRme1	HAMBI_2164_chrm01_circ	245929	247259	MGE_finder
HAMBI_2164	ISRme1	HAMBI_2164_chrm02_circ	1325901	1327231	MGE_finder
HAMBI_2164	ISRme1	HAMBI_2164_chrm02_circ	1906871	1908201	MGE_finder
HAMBI_2164	ISRme1	HAMBI_2164_chrm02_circ	315432	316762	MGE_finder
HAMBI_2164	ISRso1	HAMBI_2164_chrm02_circ	2700334	2701212	MGE_finder
HAMBI_2164	cn_9081_ISRme1	HAMBI_2164_chrm01_circ	2937480	2946561	MGE_finder
HAMBI_2443	ISPme2	HAMBI_2443_chrm01_circ	2033401	2034250	MGE_finder
HAMBI_2443	ISPpa2	HAMBI_2443_chrm01_circ	9397	10228	MGE_finder
HAMBI_2443	ISPpa2	HAMBI_2443_chrm01_circ	1120809	1121640	MGE_finder
HAMBI_2443	ISPpa2	HAMBI_2443_chrm02_circ	1362650	1363481	MGE_finder
HAMBI_2443	ISPpa2	HAMBI_2443_chrm02_circ	1706339	1707170	MGE_finder
HAMBI_2443	ISRtr2	HAMBI_2443_chrm02_circ	461648	462940	MGE_finder
HAMBI_2443	ISRtr2	HAMBI_2443_chrm02_circ	1547867	1549159	MGE_finder
HAMBI_2443	ISRtr2	HAMBI_2443_chrm02_circ	195243	196572	MGE_finder
HAMBI_2443	cn_29583_ISPpa2	HAMBI_2443_chrm01_circ	9396	38979	MGE_finder
HAMBI_2494	ISBxe5	HAMBI_2494_chrm01_circ	1272085	1273419	MGE_finder
HAMBI_2494	ISBxe5	HAMBI_2494_chrm01_circ	5476784	5478118	MGE_finder
HAMBI_2494	ISRme4	HAMBI_2494_chrm01_circ	2588916	2591383	MGE_finder
HAMBI_2494	ISRme4	HAMBI_2494_chrm01_circ	3396031	3398498	MGE_finder
HAMBI_2494	ISRme4	HAMBI_2494_chrm01_circ	4067619	4070086	MGE_finder
HAMBI_2494	ISRme4	HAMBI_2494_chrm01_circ	4342026	4344493	MGE_finder
HAMBI_2494	ISRme4	HAMBI_2494_chrm01_circ	2999187	3001646	MGE_finder
HAMBI_2494	ISPsy24	HAMBI_2494_chrm01_circ	4048871	4050105	MGE_finder
HAMBI_2494	ISPsy24	HAMBI_2494_chrm01_circ	3817083	3818317	MGE_finder
HAMBI_2494	ISPsy24	HAMBI_2494_chrm01_circ	3464593	3465827	MGE_finder
HAMBI_2494	ISPsy24	HAMBI_2494_chrm01_circ	4080013	4081247	MGE_finder
HAMBI_2494	ISPsy24	HAMBI_2494_chrm01_circ	5593946	5595180	MGE_finder
HAMBI_2494	Tn6196	HAMBI_2494_plas01_circ	8881	12509	MGE_finder
HAMBI_2494	cn_43673_ISRme4	HAMBI_2494_chrm01_circ	3396030	3439703	MGE_finder
HAMBI_2494	cn_32377_ISPsy24	HAMBI_2494_chrm01_circ	4048870	4081247	MGE_finder
HAMBI_2659	ISStma5	HAMBI_2659_chrm01_circ	1509562	1510785	MGE_finder
HAMBI_2659	ISStma2	HAMBI_2659_chrm01_circ	669900	671328	MGE_finder
HAMBI_2659	ISStma2	HAMBI_2659_chrm01_circ	3263568	3264995	MGE_finder
HAMBI_2659	ISStma2	HAMBI_2659_chrm01_circ	4111721	4113148	MGE_finder
HAMBI_2659	ISStma2	HAMBI_2659_chrm01_circ	696330	697757	MGE_finder
HAMBI_2659	ISStma9	HAMBI_2659_chrm01_circ	1487206	1488439	MGE_finder
HAMBI_2659	ISStma6	HAMBI_2659_chrm01_circ	165012	166104	MGE_finder
HAMBI_2659	ISStma6	HAMBI_2659_chrm01_circ	4430478	4431570	MGE_finder
HAMBI_2659	ISStma6	HAMBI_2659_chrm01_circ	1294052	1295144	MGE_finder
HAMBI_2659	ISStma6	HAMBI_2659_chrm01_circ	2937131	2938223	MGE_finder
HAMBI_2659	ISStma12	HAMBI_2659_chrm01_circ	206179	207201	MGE_finder
HAMBI_2659	ISStma1	HAMBI_2659_chrm01_circ	4030444	4031465	MGE_finder
HAMBI_2659	ISStma1	HAMBI_2659_chrm01_circ	1659502	1660523	MGE_finder
HAMBI_2659	ISStma1	HAMBI_2659_chrm01_circ	4146358	4147380	MGE_finder
HAMBI_2659	ISStma1	HAMBI_2659_chrm01_circ	3793383	3794405	MGE_finder
HAMBI_2659	ISStma1	HAMBI_2659_chrm01_circ	3657714	3658736	MGE_finder
HAMBI_2659	ISStma1	HAMBI_2659_chrm01_circ	4586431	4587453	MGE_finder
HAMBI_2659	ISAzsp1	HAMBI_2659_chrm01_circ	4637289	4638587	MGE_finder
HAMBI_2659	cn_27858_ISStma2	HAMBI_2659_chrm01_circ	669899	697757	MGE_finder
HAMBI_2792	ISApl3	HAMBI_2792_chrm01_circ	1298775	1300192	MGE_finder
HAMBI_2792	ISMov1	HAMBI_2792_chrm01_circ	1949671	1950388	MGE_finder
HAMBI_3237	ISBj11	HAMBI_3237_chrm01_circ	3248109	3250656	MGE_finder
HAMBI_3237	ISRle5	HAMBI_3237_chrm01_circ	3239836	3241035	MGE_finder
HAMBI_3237	ISMch6	HAMBI_3237_chrm01_circ	3560684	3562047	MGE_finder
HAMBI_3237	ISBj11	HAMBI_3237_chrm02_circ	274616	277163	MGE_finder
HAMBI_3237	ISMlo2	HAMBI_3237_chrm02_circ	1147031	1148312	MGE_finder
HAMBI_3237	ISMra3	HAMBI_3237_chrm02_circ	1019651	1021031	MGE_finder
HAMBI_3237	ISMra3	HAMBI_3237_chrm02_circ	838048	839428	MGE_finder
HAMBI_3237	ISMra3	HAMBI_3237_chrm02_circ	1073537	1074917	MGE_finder
HAMBI_3237	ISMra3	HAMBI_3237_chrm02_circ	1159772	1161152	MGE_finder
HAMBI_3237	ISMra3	HAMBI_3237_chrm02_circ	698038	699418	MGE_finder
HAMBI_3237	ISMra3	HAMBI_3237_chrm02_circ	705667	707047	MGE_finder
HAMBI_3237	ISMra3	HAMBI_3237_chrm02_circ	913744	915040	MGE_finder
HAMBI_3237	ISMch6	HAMBI_3237_chrm02_circ	892110	893471	MGE_finder
HAMBI_3237	ISMch6	HAMBI_3237_chrm02_circ	941203	942566	MGE_finder
HAMBI_3237	ISMch6	HAMBI_3237_chrm02_circ	872805	874168	MGE_finder
HAMBI_3237	ISMch6	HAMBI_3237_chrm02_circ	773654	775017	MGE_finder
HAMBI_3237	ISMch6	HAMBI_3237_chrm02_circ	813251	814614	MGE_finder
HAMBI_3237	ISMch6	HAMBI_3237_chrm02_circ	915905	917268	MGE_finder
HAMBI_3237	ISMra4	HAMBI_3237_chrm02_circ	1057491	1058649	MGE_finder
HAMBI_3237	ISMex42	HAMBI_3237_chrm02_circ	459639	460467	MGE_finder
HAMBI_3237	ISMex42	HAMBI_3237_chrm02_circ	333918	334742	MGE_finder
HAMBI_3237	ISRm4	HAMBI_3237_chrm02_circ	746746	747642	MGE_finder
HAMBI_3237	ISBj11	HAMBI_3237_chrm03_circ	1055508	1058055	MGE_finder
HAMBI_3237	ISMno14	HAMBI_3237_chrm03_circ	770927	772287	MGE_finder
HAMBI_3237	ISMch3	HAMBI_3237_chrm03_circ	916206	917714	MGE_finder
HAMBI_3237	ISRle5	HAMBI_3237_chrm03_circ	623288	624487	MGE_finder
HAMBI_3237	ISRm5	HAMBI_3237_chrm03_circ	283711	285041	MGE_finder
HAMBI_3237	ISRm5	HAMBI_3237_chrm03_circ	692704	694034	MGE_finder
HAMBI_3237	ISRm5	HAMBI_3237_chrm03_circ	1130182	1131471	MGE_finder
HAMBI_3237	ISMex42	HAMBI_3237_chrm03_circ	351603	352387	MGE_finder
HAMBI_3237	cn_3310_ISMlo2	HAMBI_3237_chrm02_circ	1147030	1150340	MGE_finder
HAMBI_3237	cn_20619_ISMra3	HAMBI_3237_chrm02_circ	678799	699418	MGE_finder
HAMBI_3237	cn_9010_ISMra3	HAMBI_3237_chrm02_circ	698037	707047	MGE_finder
HAMBI_3237	cn_42089_ISMra3	HAMBI_3237_chrm02_circ	913743	955832	MGE_finder
HAMBI_3237	cn_40961_ISMch6	HAMBI_3237_chrm02_circ	773653	814614	MGE_finder
HAMBI_3237	cn_20667_ISMch6	HAMBI_3237_chrm02_circ	872804	893471	MGE_finder
HAMBI_3237	cn_25159_ISMch6	HAMBI_3237_chrm02_circ	892109	917268	MGE_finder
HAMBI_3237	cn_26662_ISMch6	HAMBI_3237_chrm02_circ	915904	942566	MGE_finder
HAMBI_3237	cn_15721_ISRle5	HAMBI_3237_chrm03_circ	623287	639008	MGE_finder
